// img_la_grande_onda.h - generato da epd_image_converter.pyw
// Sorgente: la-grande-onda.jpeg
// Dimensioni: 620x300 - Modalita': BW - Dithering: fs - Fit: crop
// Generato: 2026-09-11 12:30:22
//
// NOTA: questo file usa GxEPDImage::Descriptor. Includilo DOPO
// l'header che definisce il namespace GxEPDImage, cioè
// GxEPD2_SOLUM_ESL/src/GxEPDImage.h oppure uno qualsiasi dei driver
// della libreria, che lo includono. Se il tipo non è presente
// puoi comunque usare gli array raw direttamente.

#ifndef IMG_LA_GRANDE_ONDA_H
#define IMG_LA_GRANDE_ONDA_H

#if defined(ESP8266) || defined(ESP32)
#include <pgmspace.h>
#else
#include <avr/pgmspace.h>
#endif

#ifdef _GxEPDImage_H_
extern const unsigned char img_la_grande_onda[];

const GxEPDImage::Descriptor img_la_grande_onda_desc = {
	GxEPDImage::FORMAT_BW_1BPP,
	620, 300,
	(const uint8_t*)img_la_grande_onda,
	(const uint8_t*)nullptr,
	(const uint8_t*)nullptr
};
#endif

const unsigned char img_la_grande_onda[] PROGMEM = {
	0xFF, 0xFF, 0xFF, 0xFF, 0xFF, 0xFF, 0xFF, 0xFF, 0xFF, 0xFF, 0xFF, 0xFF, 0xFF, 0xFF, 0xFF, 0xFF,
	0xFF, 0x7F, 0xFF, 0xFF, 0xFF, 0xFF, 0xFF, 0xFF, 0xFF, 0xF5, 0xAB, 0x5A, 0xF7, 0x76, 0xBD, 0x6B,
	0xFF, 0xFE, 0xD7, 0xDB, 0x7F, 0xFC, 0xAB, 0xBF, 0xFF, 0xFF, 0xFF, 0xFF, 0xFF, 0xFF, 0x7F, 0xFF,
	0xFF, 0xFF, 0xFF, 0xFF, 0xFF, 0xFF, 0xFF, 0xFF, 0xFF, 0xFF, 0xFF, 0xFF, 0xFF, 0xFF, 0xFF, 0xFF,
	0xFF, 0xEF, 0xFF, 0xFF, 0xFF, 0xFF, 0xFF, 0xFF, 0xFF, 0xFF, 0xFF, 0xFF, 0xFF, 0xFF, 0xFF, 0xFF,
	0xFF, 0xFF, 0xFF, 0xFF, 0xFF, 0x7F, 0xFF, 0xFF, 0xFF, 0xFB, 0xFF, 0xFF, 0xDF, 0xFE, 0xFC, 0xFF,
	0xFF, 0xFF, 0xFF, 0xFF, 0xFF, 0xFF, 0xFF, 0xE5, 0x77, 0xB5, 0xF5, 0xBD, 0xEF, 0x9D, 0xF0, 0xFE,
	0x6F, 0x2D, 0x7F, 0xF3, 0xFA, 0xDD, 0xFD, 0xF6, 0xDD, 0xB6, 0xED, 0xB5, 0x7F, 0xFF, 0xFF, 0xFF,
	0xFF, 0xFF, 0xFF, 0xFF, 0xFF, 0xFF, 0xFF, 0xFF, 0xFF, 0xFF, 0xFF, 0xFE, 0xFF, 0xFF, 0xFF, 0xEF,
	0xFF, 0xFF, 0xFF, 0xFF, 0xFF, 0xFF, 0xFF, 0xFF, 0xFF, 0xFF, 0xFF, 0xFF, 0xDB, 0x6E, 0xEE, 0xDD,
	0xDD, 0xDD, 0xB7, 0xF6, 0xDB, 0x6E, 0xED, 0xBF, 0xB6, 0xDB, 0x7B, 0x6F, 0xDB, 0xFF, 0xFF, 0xFF,
	0xFF, 0xFF, 0xFF, 0xFF, 0xFF, 0xEF, 0xB5, 0xBD, 0xD7, 0xD6, 0xB4, 0xBE, 0xCF, 0x3F, 0xB7, 0xBA,
	0xF9, 0xFE, 0xA4, 0x5F, 0xAF, 0xBF, 0xFF, 0xFF, 0xFF, 0xFF, 0xF7, 0xFF, 0xFF, 0xFF, 0xFF, 0xFF,
	0xFF, 0xFF, 0xFF, 0xFF, 0xFD, 0xFF, 0xDF, 0x76, 0xDB, 0x6F, 0xDB, 0x5B, 0x6F, 0x77, 0x6D, 0xB7,
	0xEF, 0xFB, 0xFF, 0xFF, 0xFF, 0xFF, 0xFF, 0xFF, 0xFF, 0xFF, 0xFF, 0xFF, 0xFF, 0xFF, 0xFF, 0xFF,
	0xFF, 0xDF, 0xFF, 0xFF, 0xFF, 0xEE, 0xFF, 0xFF, 0xFF, 0xFD, 0xE7, 0xFF, 0xFF, 0xFF, 0xFF, 0xFF,
	0xFF, 0xFF, 0xFF, 0xD5, 0x56, 0x96, 0x2D, 0x7B, 0xDA, 0xFE, 0xDA, 0xBF, 0xD3, 0xD9, 0xF6, 0x73,
	0xEF, 0x6B, 0xFE, 0xFB, 0xF7, 0xDD, 0xB6, 0xDD, 0x5E, 0xDD, 0xB7, 0x76, 0xDB, 0xBB, 0xBD, 0xEE,
	0xED, 0xB6, 0xDF, 0xDB, 0x7D, 0xFF, 0xFF, 0xFB, 0xFF, 0xFF, 0xFD, 0xF7, 0xFF, 0xFE, 0xFD, 0xBF,
	0xBB, 0xBB, 0xDE, 0xEE, 0xEF, 0x76, 0xDE, 0xFF, 0xFF, 0xFF, 0xBB, 0xF7, 0x77, 0x77, 0xFA, 0xFB,
	0xB7, 0xFB, 0xBE, 0xFF, 0xFF, 0xFD, 0xEF, 0xBF, 0xBF, 0xFF, 0xFF, 0xFF, 0xFF, 0xFF, 0xFF, 0xBD,
	0xEE, 0xDF, 0xD7, 0xBD, 0xF7, 0xDD, 0x67, 0xFE, 0xD5, 0x9F, 0xFB, 0xDF, 0xED, 0xBE, 0xAD, 0xBF,
	0x7B, 0xEF, 0x5D, 0x7F, 0xFF, 0xF7, 0xBF, 0xFF, 0xFF, 0xFF, 0xFF, 0xFF, 0xFF, 0xFF, 0xFF, 0xFF,
	0xFF, 0xFF, 0xFF, 0xFF, 0xFF, 0xFF, 0xFF, 0xFF, 0xFF, 0xFB, 0xFF, 0xFF, 0xFF, 0xFF, 0xFF, 0xFF,
	0x7F, 0xFF, 0xFF, 0xFF, 0xFF, 0xDF, 0xEE, 0xED, 0xFF, 0x7F, 0xFF, 0xFE, 0xDF, 0xEF, 0xFE, 0xDF,
	0xF7, 0xF7, 0xDB, 0x6F, 0xBD, 0xFB, 0x5F, 0xFB, 0xBB, 0xBB, 0xDE, 0xF7, 0x76, 0xFF, 0xFF, 0xDA,
	0xCD, 0x6F, 0x7E, 0xAB, 0xDC, 0xF6, 0xBB, 0xFD, 0x79, 0xEB, 0xEE, 0xB9, 0xEF, 0xCD, 0xEF, 0xFF,
	0xFF, 0xF6, 0xDA, 0xBF, 0xBF, 0xFF, 0xFF, 0xFF, 0xFF, 0xFF, 0xFF, 0xBF, 0xFF, 0xFF, 0xFD, 0xFF,
	0xFF, 0xDB, 0xB6, 0xDE, 0xDB, 0x76, 0xDF, 0xDB, 0xB6, 0xDF, 0xB7, 0xF7, 0xFF, 0xEF, 0xFF, 0xFF,
	0xFF, 0xFF, 0xFF, 0xFF, 0xFF, 0xFF, 0xFF, 0xED, 0xDD, 0xDF, 0xFF, 0xBE, 0xFF, 0xFE, 0xFF, 0xBE,
	0xFF, 0xFF, 0xFF, 0xEE, 0xFF, 0xEF, 0xFF, 0xFF, 0xFF, 0xFF, 0xFF, 0xFF, 0xFF, 0xDF, 0x7D, 0xE5,
	0xAA, 0xAA, 0xD7, 0x3D, 0xDC, 0xFF, 0x5D, 0xEB, 0xDB, 0xCE, 0x76, 0xDF, 0xFF, 0x7B, 0xF7, 0xDF,
	0xFF, 0xED, 0xBB, 0x77, 0xFD, 0xDF, 0xFF, 0x77, 0x77, 0xFE, 0xEF, 0xFF, 0xEF, 0xEF, 0xEF, 0x7F,
	0xFF, 0xFF, 0xFF, 0xFF, 0xFB, 0x7B, 0xFF, 0xFB, 0xFF, 0xDF, 0x7E, 0xFF, 0xFD, 0xFF, 0xBD, 0xFF,
	0xF6, 0xFF, 0xDD, 0xF7, 0xB7, 0xBF, 0xFF, 0xFB, 0xB6, 0xFB, 0xDB, 0xEF, 0xDD, 0xFB, 0xF7, 0xBB,
	0x7B, 0xBD, 0xFF, 0xBF, 0xFF, 0xFF, 0xFF, 0xFF, 0xFE, 0xAB, 0xBF, 0xD5, 0xAB, 0xFB, 0xBB, 0xD6,
	0x55, 0xBB, 0xAF, 0x79, 0x5D, 0xE7, 0x2D, 0x7F, 0x97, 0x4D, 0xBB, 0xDF, 0x5E, 0xFB, 0x5B, 0xBE,
	0xDF, 0xFF, 0xBF, 0xFD, 0xDD, 0xFF, 0xFE, 0xFB, 0xFF, 0x6D, 0xBF, 0xBE, 0xFD, 0xFE, 0xFF, 0xFB,
	0xFF, 0xFD, 0xFF, 0xFB, 0xBB, 0xFF, 0xFF, 0x7F, 0xF7, 0xFF, 0xFF, 0xDB, 0xFF, 0xB6, 0xDF, 0xFF,
	0xFF, 0xBF, 0xFF, 0xFF, 0x7F, 0xFF, 0xFF, 0xDF, 0xFF, 0x7D, 0xFF, 0xEF, 0xBE, 0xEF, 0xFF, 0xFB,
	0xFF, 0xFF, 0xFF, 0xFF, 0xFF, 0xDB, 0xE8, 0xAA, 0xFB, 0xEE, 0xFB, 0x7A, 0xB6, 0xF7, 0xAF, 0xD7,
	0x75, 0x77, 0x9E, 0xDE, 0xFF, 0xD6, 0xEB, 0xEF, 0xEF, 0xFB, 0xFF, 0xEF, 0xFE, 0xFB, 0xBF, 0xBD,
	0xFF, 0xFF, 0xFF, 0xFF, 0xFF, 0xEF, 0xFD, 0xFF, 0xFF, 0xFF, 0xFF, 0xFF, 0xEE, 0xDF, 0xED, 0xB7,
	0xDF, 0xF6, 0xFF, 0x6E, 0xDD, 0xFF, 0xFF, 0xFD, 0xF7, 0xFF, 0xFF, 0xFF, 0xFF, 0xDF, 0xFF, 0xFE,
	0xFE, 0xFD, 0xF6, 0xDF, 0xFF, 0xFE, 0xEF, 0xFF, 0xF7, 0x7F, 0xFF, 0xFF, 0xDE, 0xE7, 0xFD, 0xFF,
	0xFF, 0xFF, 0x7B, 0xFC, 0xAE, 0xBD, 0x7F, 0xEB, 0x27, 0xFD, 0xBA, 0x18, 0xE5, 0x5A, 0xBB, 0x75,
	0x6D, 0xC9, 0x49, 0x6D, 0x72, 0xFA, 0xFE, 0xEF, 0xB6, 0xFD, 0xAB, 0xDF, 0xDD, 0xF7, 0xF7, 0x77,
	0xFF, 0xDD, 0xDF, 0xFF, 0xF7, 0xFF, 0xFE, 0xFB, 0xBF, 0xEF, 0xFF, 0xFF, 0x7F, 0xFF, 0xFB, 0x7B,
	0xEF, 0xFF, 0xFF, 0xFF, 0xFF, 0xEF, 0xDF, 0xFF, 0x77, 0xFF, 0xFF, 0x7F, 0xDB, 0xF7, 0xEF, 0xF7,
	0xFF, 0xFB, 0x6D, 0xF7, 0xFD, 0xB7, 0x7F, 0xFD, 0xDB, 0xBD, 0xFB, 0xDF, 0xDF, 0xFF, 0xDD, 0xDD,
	0xFF, 0xFE, 0xA9, 0x97, 0x7F, 0xF4, 0xFD, 0x1D, 0xAC, 0x9F, 0x37, 0x7B, 0x6D, 0xB5, 0x5D, 0xFB,
	0xBE, 0xED, 0xBB, 0xAF, 0xAF, 0xBE, 0xFF, 0xBF, 0xFF, 0x7A, 0xDF, 0xFF, 0xFF, 0xFF, 0xBB, 0xFF,
	0xFD, 0xFF, 0xDF, 0xFF, 0xFB, 0xFF, 0xF7, 0x7D, 0xBB, 0xFF, 0xFF, 0xFF, 0x7F, 0xF7, 0xBB, 0xFF,
	0xDF, 0xF6, 0xDF, 0xBF, 0xFF, 0xFF, 0xFE, 0xFF, 0xFB, 0xFF, 0xFF, 0x7F, 0xBF, 0xBF, 0xDF, 0xFF,
	0xFF, 0x7F, 0xBF, 0xFF, 0xEE, 0xEF, 0xBE, 0xFF, 0xDF, 0xBF, 0xFF, 0xFF, 0xFF, 0xFF, 0xFF, 0xFF,
	0x73, 0xED, 0xBE, 0x5B, 0x82, 0xED, 0xBA, 0x40, 0xF5, 0x7F, 0xB5, 0x6B, 0xAD, 0xFA, 0x7F, 0x2D,
	0xDD, 0x7B, 0xFB, 0xFB, 0xED, 0xF6, 0xFD, 0xEF, 0xBF, 0xBF, 0xBF, 0xFF, 0xFF, 0xFF, 0xFF, 0xDF,
	0x7F, 0xDB, 0x7F, 0xDE, 0xFF, 0xFF, 0xFF, 0xBB, 0xDB, 0x6D, 0xFF, 0xD6, 0xFF, 0x76, 0xFB, 0xDF,
	0xFD, 0xFF, 0xFF, 0x6D, 0xFF, 0xED, 0xBF, 0xFF, 0xFF, 0xEE, 0xFD, 0xFF, 0x7D, 0xDF, 0xFF, 0xDD,
	0xF7, 0xDD, 0xBF, 0xFE, 0xFB, 0xF7, 0x7E, 0x7F, 0xFF, 0xFE, 0xFF, 0xFF, 0xFE, 0xB7, 0xAC, 0xEE,
	0xB5, 0xAE, 0x5F, 0xAD, 0xC9, 0x12, 0x36, 0xFD, 0xD5, 0x67, 0xDB, 0xF6, 0xFF, 0xDB, 0xED, 0xDE,
	0xDE, 0xEF, 0xBF, 0xBF, 0xAF, 0xBD, 0xDB, 0xFD, 0xFD, 0xBB, 0xFF, 0xEE, 0xEF, 0xFF, 0xFF, 0x7F,
	0xEF, 0xFB, 0xFD, 0xF7, 0xFF, 0xFF, 0x7F, 0xFF, 0xED, 0xF7, 0xDF, 0xFF, 0xFF, 0xFF, 0xFF, 0xFF,
	0xFF, 0xFF, 0xDF, 0xFF, 0xFF, 0xFF, 0xDB, 0xFF, 0xFF, 0xF7, 0xFF, 0xFB, 0x6D, 0xFF, 0xFE, 0xFF,
	0xFB, 0xBB, 0xFF, 0xDF, 0xF6, 0xFF, 0x7F, 0xF7, 0xFF, 0xFF, 0xF6, 0xB7, 0xAF, 0x6B, 0xDB, 0x72,
	0xD3, 0xF5, 0x68, 0x04, 0x7B, 0x75, 0xB5, 0xDF, 0xA7, 0xF5, 0xE3, 0xB7, 0xF6, 0xEB, 0xFF, 0xFE,
	0xF6, 0xFB, 0xFD, 0xF7, 0xBE, 0xEF, 0xFF, 0xFF, 0x77, 0x7F, 0xFF, 0x7D, 0xFD, 0xFF, 0xFF, 0x7F,
	0xDF, 0xDF, 0x6D, 0xEF, 0xFF, 0xFF, 0xFF, 0x6D, 0xB6, 0xFF, 0xEF, 0x7F, 0xFF, 0xFD, 0xDD, 0xFF,
	0xFD, 0xFF, 0xFF, 0x7F, 0xFF, 0xBF, 0xEF, 0xBF, 0xF7, 0x7F, 0xFF, 0xB7, 0x6F, 0xB6, 0xFF, 0xFF,
	0xDE, 0xFE, 0xDB, 0xFD, 0xFD, 0xDF, 0xFF, 0xFF, 0xFD, 0xC9, 0xB5, 0x5D, 0x5B, 0xAD, 0xDD, 0xAD,
	0xAD, 0x10, 0x6C, 0xFE, 0xAD, 0x57, 0x2B, 0xF5, 0x9C, 0x9F, 0xF9, 0x3E, 0xD7, 0x6F, 0xFF, 0xEE,
	0xDF, 0x7E, 0xD7, 0xFF, 0xEF, 0xFF, 0xFF, 0xFF, 0xFD, 0xFF, 0xFF, 0xFF, 0xFF, 0xFF, 0xFB, 0xFF,
	0xFF, 0xBF, 0xFD, 0xB7, 0x7F, 0xDF, 0xFF, 0xB7, 0x7F, 0xFF, 0x77, 0xDF, 0xFF, 0xFE, 0xFF, 0xDF,
	0xEF, 0xFF, 0xFE, 0xF7, 0x7E, 0xFF, 0x7F, 0xEF, 0x7E, 0xFF, 0xFD, 0xFF, 0xDD, 0xDB, 0x7B, 0xFB,
	0xF7, 0xFF, 0xFF, 0xFF, 0xFB, 0xBB, 0xBA, 0xB4, 0xAF, 0xAF, 0xDA, 0xF6, 0xEE, 0x55, 0x56, 0x01,
	0x5F, 0x7E, 0xDE, 0xAF, 0xFD, 0xFA, 0xB6, 0xFF, 0xFF, 0xCB, 0xBD, 0xFB, 0xBB, 0xBF, 0xF7, 0xDB,
	0xBF, 0xBF, 0x7F, 0xDB, 0xFF, 0xFB, 0xBF, 0xFF, 0xEF, 0xF6, 0xEF, 0xEE, 0xFF, 0xFD, 0xFF, 0xFD,
	0xEF, 0xFF, 0xDA, 0xDB, 0x77, 0xFF, 0xFF, 0xFB, 0xFF, 0x7F, 0xFF, 0xEF, 0xFF, 0xFF, 0x7F, 0xFF,
	0xEF, 0xFF, 0xFF, 0xFB, 0xFD, 0xFD, 0xEF, 0xFD, 0xF7, 0xFB, 0xF7, 0x7F, 0xFF, 0xDF, 0xEF, 0xFF,
	0xFF, 0xFF, 0xEF, 0xFF, 0xFD, 0xD6, 0xBA, 0xB5, 0x5D, 0x4B, 0x6D, 0xE4, 0x0A, 0x94, 0x5F, 0xF5,
	0x3F, 0x5F, 0xFD, 0xDA, 0xDF, 0x7F, 0xBF, 0xF6, 0xF7, 0xBE, 0xEF, 0xF6, 0xBD, 0xFE, 0xBB, 0xFB,
	0xFD, 0xFF, 0xBB, 0xEF, 0xFF, 0xF7, 0xFF, 0xDF, 0xFD, 0xBF, 0xEF, 0x77, 0xEF, 0xFF, 0xBF, 0xFB,
	0xFF, 0xBF, 0xFD, 0xDD, 0xFB, 0xEF, 0xFF, 0xFE, 0xF7, 0xFF, 0xEF, 0x7D, 0xFD, 0xDF, 0xFF, 0xFD,
	0xF7, 0xEF, 0xEF, 0xFF, 0xFB, 0xDF, 0xBF, 0x6F, 0x7F, 0xFF, 0xEE, 0xFE, 0x9F, 0xFF, 0xFF, 0xFF,
	0xFF, 0xFF, 0xFE, 0xFA, 0x6E, 0xC9, 0xBD, 0xF9, 0xB5, 0x50, 0x03, 0x41, 0x5F, 0xDD, 0x77, 0xAF,
	0xAE, 0xFD, 0x75, 0x79, 0xFF, 0xFB, 0xDE, 0xEF, 0xFE, 0xFF, 0xF7, 0x57, 0x6F, 0xFF, 0xFF, 0xFF,
	0xFF, 0xBF, 0xEF, 0xDF, 0x7E, 0xFF, 0xFF, 0xFF, 0xBF, 0xFF, 0xBE, 0xEF, 0xFE, 0xEF, 0xB7, 0x7F,
	0xBF, 0x7F, 0xEF, 0xBF, 0xFF, 0xFB, 0xFF, 0xBF, 0xFD, 0xFF, 0xFF, 0xFF, 0xDB, 0x6F, 0xDF, 0x7F,
	0xBF, 0x6F, 0xBF, 0x7B, 0xFD, 0xFF, 0xDD, 0xD5, 0xBF, 0xED, 0xBF, 0xDF, 0xF7, 0xFF, 0xFF, 0xFF,
	0xFF, 0x29, 0xFB, 0x00, 0x3D, 0x56, 0xD5, 0xC1, 0x2A, 0x0A, 0x1D, 0xF9, 0xBF, 0xBD, 0x77, 0xFE,
	0x5F, 0x7A, 0x7B, 0xFD, 0x7B, 0xFB, 0x77, 0xDB, 0xBF, 0xFE, 0xFE, 0xDF, 0xDF, 0xBD, 0xFF, 0xFF,
	0x7E, 0xFF, 0xFF, 0xFF, 0xDF, 0xFB, 0xFD, 0xFF, 0xFF, 0xFE, 0xFB, 0xFF, 0xFC, 0xEA, 0xEF, 0xF7,
	0xBF, 0xFF, 0xDB, 0xFF, 0xFF, 0xFD, 0xFF, 0xF7, 0xEF, 0xFF, 0xFF, 0xFF, 0x7D, 0xFD, 0xFD, 0xFD,
	0xFF, 0xFF, 0x77, 0xED, 0xF7, 0xFF, 0xFB, 0x7E, 0xFF, 0xFE, 0xFF, 0xBE, 0xFF, 0xDD, 0xF7, 0xBB,
	0x54, 0x20, 0x0E, 0xFB, 0x7B, 0x50, 0x03, 0x21, 0x4F, 0xAF, 0xDF, 0xCE, 0x95, 0xFF, 0xAB, 0xB7,
	0x9F, 0xAE, 0xEF, 0xBF, 0xDF, 0x7F, 0xF6, 0xDA, 0xDB, 0xFB, 0xFD, 0xF7, 0xDB, 0xFF, 0xFF, 0xFF,
	0xF7, 0xFB, 0x7F, 0xFF, 0xFF, 0xDE, 0xFF, 0xFF, 0xFF, 0xBE, 0xF5, 0xFF, 0xFB, 0xDF, 0xFF, 0xFF,
	0x7F, 0xBF, 0xDE, 0xFF, 0xBF, 0xFF, 0xBE, 0xFF, 0xBD, 0xDD, 0xFF, 0xEF, 0xF7, 0xFF, 0xED, 0xED,
	0xFF, 0xBF, 0x7F, 0x7F, 0x6F, 0xF6, 0xFF, 0xFF, 0xFF, 0xFF, 0xFE, 0xFF, 0xC9, 0xCD, 0xFE, 0x82,
	0x8F, 0x57, 0x55, 0x84, 0x0B, 0x54, 0x27, 0x53, 0xDF, 0xDE, 0xFB, 0x2F, 0xBD, 0x69, 0xDF, 0x56,
	0xFE, 0xF6, 0xFB, 0xFD, 0xBF, 0xF5, 0xFF, 0xFF, 0x7F, 0xFF, 0xFF, 0xFD, 0xFB, 0xFD, 0xFF, 0xDF,
	0xFD, 0xBF, 0x77, 0xFB, 0xFB, 0x6F, 0xDF, 0xFF, 0xD7, 0xDF, 0xFF, 0x7E, 0xFE, 0xFD, 0xFF, 0xFF,
	0xFF, 0xFF, 0xFB, 0xBF, 0xFF, 0xDF, 0xF7, 0xFF, 0xF7, 0xBF, 0x7F, 0xDB, 0xBF, 0xBF, 0xFE, 0xFF,
	0xEF, 0xED, 0xFF, 0xBB, 0xFE, 0xFF, 0xFF, 0xFF, 0xF7, 0xFF, 0xB6, 0x6D, 0x54, 0x08, 0x07, 0x4B,
	0xB6, 0xC0, 0xA2, 0x25, 0x96, 0xFC, 0xDD, 0xFD, 0xAA, 0xD7, 0xD7, 0x6E, 0x6E, 0xFB, 0x6F, 0xFF,
	0xDF, 0xD7, 0xFB, 0x57, 0x6F, 0x6F, 0xF7, 0xFF, 0xFF, 0x6F, 0xFF, 0xDF, 0xDF, 0x7F, 0xFF, 0xFB,
	0xFF, 0xFF, 0xEF, 0xFD, 0xFB, 0xF7, 0x5F, 0xFB, 0x6F, 0xFB, 0xFB, 0xEF, 0xFD, 0xF6, 0xFF, 0xF7,
	0xFF, 0xFD, 0xFF, 0xFF, 0xFF, 0xF7, 0xFF, 0xFD, 0xEF, 0x7F, 0xFF, 0xFF, 0xB7, 0xF6, 0xFD, 0xBF,
	0xFB, 0xF7, 0xFF, 0xFF, 0xF7, 0xFB, 0xFF, 0xFF, 0x5B, 0xB5, 0xDA, 0xA0, 0x17, 0x22, 0xB6, 0x54,
	0x16, 0x80, 0x05, 0x56, 0xDF, 0xFB, 0x65, 0x7B, 0xD2, 0xEB, 0x35, 0xBD, 0xFB, 0x6D, 0xFB, 0x7E,
	0xAA, 0xAF, 0xFD, 0xFF, 0xFF, 0xFF, 0x7D, 0xFF, 0xDF, 0xFF, 0xFF, 0xFF, 0xEF, 0xFF, 0xFE, 0xEF,
	0xFF, 0xFF, 0xBF, 0xFC, 0xFD, 0xBF, 0xFD, 0xFF, 0xDF, 0xFF, 0xFF, 0xFF, 0xF7, 0xFF, 0xEF, 0xF7,
	0xF7, 0x7F, 0xFF, 0x7F, 0xBD, 0xFF, 0xFD, 0xFB, 0xFB, 0x76, 0xFF, 0xFF, 0xF7, 0xFF, 0xBE, 0xD7,
	0xFF, 0xFB, 0xDF, 0xDF, 0xDF, 0x47, 0x6E, 0xD5, 0x6C, 0x02, 0x43, 0x01, 0xB7, 0xA1, 0x40, 0x44,
	0x4D, 0xDF, 0x5F, 0xF5, 0x5B, 0xAD, 0xDA, 0xDA, 0xD6, 0xFC, 0xDF, 0xFF, 0xBF, 0xD2, 0xDF, 0xFD,
	0xFF, 0xFD, 0xDF, 0x6F, 0xF7, 0xFF, 0xFE, 0xFB, 0xFB, 0xFB, 0x7E, 0xEF, 0xB7, 0xFF, 0x7F, 0xDE,
	0xFF, 0x47, 0xB7, 0xFD, 0xF7, 0xDF, 0xFF, 0xBF, 0xDF, 0xBF, 0xFF, 0xBE, 0xFF, 0xDF, 0xDF, 0xFF,
	0xDD, 0xFE, 0xF7, 0xDF, 0xBF, 0xDE, 0xDF, 0xFF, 0xFE, 0xDB, 0xBF, 0x76, 0xF7, 0xDF, 0xFF, 0xFF,
	0xFF, 0x7F, 0xFF, 0x75, 0x77, 0x5B, 0x6E, 0xA8, 0x07, 0x44, 0xCF, 0xFC, 0x14, 0x01, 0x3A, 0xB5,
	0x7F, 0xB5, 0xEA, 0xD5, 0xD7, 0xAE, 0xEB, 0xEE, 0xFD, 0xDB, 0xF6, 0xBF, 0xFB, 0x7F, 0xB7, 0xDF,
	0xFD, 0xFF, 0xFF, 0xFD, 0xFB, 0xFF, 0x7F, 0xEF, 0xFF, 0xFE, 0xFF, 0xFF, 0xFD, 0xFF, 0xF4, 0xBF,
	0xFF, 0xEF, 0xDF, 0xFE, 0xFF, 0xFB, 0xFD, 0xFF, 0xBF, 0xFF, 0xFF, 0x7F, 0xFF, 0xFF, 0xFF, 0xEF,
	0xFF, 0x7B, 0xFF, 0xFF, 0xFD, 0xDF, 0xAF, 0xFF, 0xFD, 0xFF, 0xDF, 0x3F, 0xF7, 0xDF, 0xFF, 0xFF,
	0xFE, 0xAD, 0x5B, 0xD3, 0x91, 0x40, 0x22, 0x12, 0xAE, 0x3D, 0x21, 0x28, 0x08, 0x6E, 0xBE, 0xF7,
	0xFF, 0xFA, 0xD9, 0x5D, 0xED, 0xBD, 0xD7, 0x7E, 0xD9, 0xFF, 0xEF, 0xED, 0xFE, 0xFF, 0xFF, 0xFE,
	0xFF, 0xEF, 0xDF, 0xEF, 0xEF, 0xBF, 0xF7, 0xBF, 0xFE, 0xDD, 0xEF, 0xFF, 0x57, 0xFD, 0xFD, 0xBF,
	0xFF, 0x7B, 0xED, 0xFF, 0x7F, 0xF6, 0xFE, 0xFB, 0xFD, 0xFF, 0x7E, 0xFF, 0xF7, 0xBB, 0xBF, 0xFE,
	0xED, 0xB7, 0x77, 0xFA, 0xFD, 0xBD, 0xB7, 0xDB, 0x7D, 0x7F, 0xDF, 0xFF, 0xFF, 0xFF, 0xFE, 0xF5,
	0x7D, 0x6B, 0xFF, 0xF9, 0x04, 0xA8, 0xFD, 0xDC, 0x88, 0x00, 0x21, 0x3F, 0x7F, 0xE7, 0xFF, 0xFD,
	0xA6, 0xB4, 0xEA, 0xF7, 0x7F, 0xF7, 0xEF, 0xEE, 0xFE, 0xFF, 0xDF, 0xFB, 0x6F, 0xFB, 0xDD, 0xBF,
	0xFF, 0xFF, 0xFE, 0xFF, 0xDE, 0xFB, 0xFB, 0xFF, 0xFF, 0xE9, 0x7F, 0xF7, 0xB7, 0xFD, 0xFD, 0xFF,
	0xFF, 0xBF, 0xF7, 0xDF, 0xFB, 0xEF, 0xB7, 0xFF, 0xFF, 0xFF, 0xDE, 0xFF, 0xFB, 0xDB, 0xFF, 0xFF,
	0xFF, 0x6F, 0xFF, 0xF7, 0xFF, 0xFF, 0xF6, 0xFF, 0xFF, 0xFF, 0xBF, 0xFF, 0x7E, 0xBD, 0xD7, 0xAB,
	0xFF, 0xFC, 0x22, 0x02, 0x7D, 0x5C, 0x00, 0x22, 0x00, 0x5E, 0xFB, 0xFF, 0x2A, 0x4D, 0xBA, 0xFD,
	0x55, 0xDF, 0xFF, 0xBF, 0x5F, 0xBF, 0xFB, 0xDB, 0x7B, 0xDF, 0xFF, 0x6F, 0xFF, 0xFF, 0x7F, 0xBD,
	0xFF, 0xFF, 0x7F, 0xFF, 0x6F, 0xFF, 0x7E, 0x97, 0xFD, 0xDF, 0xFF, 0xFF, 0xB7, 0xEF, 0xBF, 0xFF,
	0xFF, 0xFF, 0xFF, 0xFF, 0xFF, 0xFB, 0xFB, 0xFF, 0xFF, 0xFE, 0xEF, 0xFF, 0xBE, 0xFD, 0xDF, 0xFF,
	0xB6, 0xDF, 0x6E, 0xEE, 0xDD, 0xFF, 0xFF, 0xFE, 0xFF, 0xFD, 0xFB, 0x57, 0x7A, 0xF7, 0xF7, 0x5E,
	0x90, 0xA0, 0x6A, 0x0E, 0x20, 0x80, 0x84, 0x7B, 0xEF, 0xFF, 0x6B, 0xAB, 0x7F, 0xFC, 0xB7, 0x7D,
	0xAA, 0xF5, 0x7D, 0xFF, 0xAF, 0xFF, 0xFF, 0x7F, 0xFF, 0xFF, 0xFF, 0xFD, 0xFE, 0xFF, 0xDF, 0xFD,
	0xFF, 0xFF, 0xFF, 0xEF, 0xE9, 0x7F, 0xDF, 0xFE, 0xFF, 0x6F, 0xFF, 0xFF, 0xFE, 0xF7, 0xFF, 0x7F,
	0xDF, 0xFF, 0xFF, 0xFF, 0xEF, 0xBF, 0xFF, 0xDB, 0xFF, 0x7F, 0xF7, 0xEF, 0xFB, 0xBB, 0xFF, 0xFD,
	0xFF, 0xFF, 0xF7, 0xFF, 0xFF, 0xFF, 0xFD, 0xEF, 0xFF, 0x7A, 0x97, 0x52, 0xFE, 0x07, 0x0A, 0x08,
	0xFA, 0x96, 0x00, 0x04, 0x11, 0x7F, 0xBF, 0x57, 0xBE, 0xFA, 0xFF, 0xFE, 0xD3, 0xF7, 0xFF, 0xDE,
	0xF7, 0xFB, 0xFF, 0x7F, 0xEF, 0xFF, 0xFB, 0xFF, 0xF7, 0x77, 0xF7, 0xFF, 0xFB, 0xF7, 0xFD, 0xDB,
	0xFF, 0x7D, 0x2F, 0xFD, 0xF7, 0x7B, 0xED, 0xFD, 0xFF, 0xFE, 0xF7, 0xFE, 0xDD, 0xFE, 0xFF, 0xBD,
	0xFF, 0xBF, 0x7F, 0xFF, 0xED, 0xFF, 0xFF, 0xFD, 0xFF, 0xFE, 0xEF, 0xFE, 0xB6, 0xF7, 0xFB, 0x75,
	0x6F, 0xFE, 0xFF, 0xBF, 0xFF, 0xFF, 0xFF, 0xCA, 0xD5, 0xFE, 0xFE, 0x43, 0x40, 0x00, 0x7A, 0x07,
	0x04, 0x10, 0x00, 0xEF, 0xFC, 0xAB, 0xDB, 0xD1, 0xFF, 0xBE, 0x59, 0xBF, 0x6F, 0x79, 0xFF, 0xDE,
	0xFD, 0xED, 0xBD, 0xED, 0xBF, 0xFF, 0x7F, 0xFF, 0xFF, 0xF7, 0x7F, 0xBF, 0xFF, 0xFF, 0xBF, 0xEA,
	0xFF, 0xEF, 0x7F, 0xEF, 0xFF, 0xFF, 0xDE, 0xDB, 0xFF, 0xFF, 0xFF, 0xFB, 0xFB, 0xFF, 0xB6, 0xFD,
	0xFF, 0xFF, 0xFF, 0xEF, 0x6D, 0xEF, 0xBE, 0xDB, 0xFE, 0xDB, 0xFF, 0xBF, 0x5F, 0xDF, 0xDF, 0xFF,
	0xFE, 0xFB, 0xFF, 0xFF, 0xFF, 0xFF, 0xFA, 0xBF, 0x36, 0x09, 0x80, 0x41, 0x75, 0x43, 0x80, 0x81,
	0x40, 0xBE, 0xFD, 0xFB, 0xDD, 0x7F, 0xF7, 0xFB, 0xA6, 0xDB, 0xFB, 0xEF, 0xDE, 0xFF, 0xF7, 0xFF,
	0xFF, 0xBF, 0xFF, 0x77, 0xFF, 0xFF, 0xDF, 0xDF, 0xFF, 0xFF, 0xDF, 0x7F, 0xFA, 0x5F, 0xF6, 0xBF,
	0xFD, 0xFF, 0xFF, 0xFF, 0x7B, 0xFF, 0xFF, 0xBF, 0xFF, 0xEF, 0xFF, 0xFF, 0xFF, 0xF7, 0xFD, 0xFF,
	0xFF, 0x7D, 0xFF, 0xBF, 0xF7, 0xFF, 0xBB, 0xFF, 0xDB, 0xFB, 0xFD, 0xFF, 0x7F, 0xFF, 0xF7, 0xFF,
	0xFF, 0xFF, 0xF7, 0xFF, 0xFE, 0xEB, 0xDE, 0xA5, 0x24, 0x08, 0xD0, 0x01, 0x90, 0x00, 0x35, 0xEB,
	0xFB, 0x49, 0xD7, 0xA9, 0xFF, 0xFF, 0xFB, 0x3E, 0xDE, 0xA7, 0x7B, 0xFB, 0xDF, 0xFF, 0xFF, 0xFF,
	0xEF, 0xFF, 0xFD, 0xDF, 0x7E, 0xFF, 0xF6, 0xFF, 0x7B, 0xFB, 0xCB, 0xFD, 0xDF, 0xF7, 0xDF, 0xBF,
	0x6E, 0xDB, 0xFF, 0xFF, 0xB6, 0xF7, 0xF7, 0xBF, 0xDF, 0xEF, 0xFF, 0xFF, 0xEF, 0xDF, 0xDB, 0xFF,
	0xDF, 0xFD, 0xDF, 0xBF, 0xFF, 0xF7, 0x7E, 0xDF, 0xF7, 0xB4, 0xF7, 0xF7, 0xFF, 0xFF, 0xEE, 0xFF,
	0xDF, 0x7F, 0x1F, 0x55, 0xDE, 0x11, 0x80, 0x41, 0xE4, 0x10, 0xC2, 0x09, 0x1D, 0x00, 0xEA, 0xBD,
	0xBD, 0x5D, 0xDF, 0xEF, 0xFD, 0xAB, 0xF5, 0x7B, 0xFF, 0xDF, 0x7F, 0x6D, 0xDB, 0xFD, 0xFF, 0xFF,
	0xDF, 0xFD, 0xFB, 0xFD, 0xDF, 0xED, 0xFF, 0xEE, 0x7F, 0xB7, 0xBB, 0xDE, 0xFB, 0xFD, 0xFF, 0xFF,
	0xFF, 0xB7, 0xFF, 0xFE, 0xDF, 0xFF, 0xFE, 0xFE, 0xFF, 0xFF, 0xBF, 0xFF, 0xFF, 0xDB, 0xFB, 0xFF,
	0xFE, 0xFB, 0xEF, 0x7D, 0xF7, 0xBB, 0x5F, 0xFB, 0xFF, 0xBF, 0xFF, 0xFF, 0xFF, 0xEE, 0xFF, 0xF4,
	0xE7, 0x3C, 0xEF, 0x44, 0x01, 0x09, 0x4A, 0x42, 0xD0, 0x12, 0x80, 0x00, 0xFB, 0xED, 0xAE, 0xF6,
	0xFF, 0x7F, 0xFE, 0xD6, 0xDB, 0xFC, 0x9B, 0xFF, 0xFD, 0xFF, 0xFF, 0x6F, 0xBD, 0xBB, 0x7F, 0xF7,
	0xFF, 0xFF, 0xFF, 0xFF, 0xFF, 0xBD, 0xED, 0xFF, 0xFE, 0xFF, 0xFF, 0xEF, 0xFB, 0xFF, 0xB7, 0xFE,
	0xFF, 0xFF, 0xFF, 0xFF, 0x7B, 0xFF, 0xDB, 0x7E, 0xFF, 0x7F, 0xFE, 0xFF, 0x7F, 0x6E, 0xF7, 0xFF,
	0x7F, 0xEF, 0xBE, 0xFF, 0xFD, 0xD7, 0xFF, 0xFF, 0xFF, 0xFF, 0x7F, 0xFF, 0xFF, 0xDF, 0xBB, 0xAF,
	0x6F, 0x90, 0x40, 0x04, 0x00, 0x00, 0x60, 0x40, 0x54, 0x92, 0x7B, 0x59, 0x72, 0xAE, 0x7F, 0xFF,
	0xFF, 0x75, 0x4F, 0xFF, 0xE7, 0x77, 0xF7, 0xFF, 0x7B, 0xFF, 0xFF, 0xFF, 0xFE, 0xDF, 0xFF, 0xDF,
	0xFF, 0xBF, 0xEE, 0xF3, 0xBF, 0xDE, 0xDF, 0xF7, 0xBE, 0xFF, 0xDF, 0xBB, 0xFE, 0xFF, 0xF7, 0xDF,
	0xFE, 0xFD, 0xFF, 0xFB, 0xFF, 0xEF, 0xFD, 0xFF, 0xDF, 0xFF, 0xEF, 0xFF, 0xDF, 0xDD, 0xFB, 0xFF,
	0xF7, 0xDD, 0xF7, 0xAF, 0xFF, 0xFF, 0xDF, 0xF7, 0xFF, 0xFF, 0xFF, 0xD9, 0xEB, 0x71, 0x6F, 0xC4,
	0x12, 0x22, 0xA1, 0x08, 0xC9, 0x15, 0x00, 0x01, 0x7B, 0x5D, 0xBA, 0xFB, 0xBD, 0xFE, 0xEF, 0x9E,
	0xBF, 0xFF, 0xFB, 0xFD, 0x7F, 0xDF, 0xF4, 0xFE, 0xFF, 0xFF, 0xFB, 0xFF, 0xEF, 0x7D, 0xFE, 0xFF,
	0x7F, 0xEE, 0xFB, 0x7B, 0xF6, 0xDE, 0xF7, 0xFB, 0xFE, 0xFF, 0xFF, 0xFF, 0xDF, 0x7D, 0xFF, 0xEF,
	0xFF, 0xDF, 0xFF, 0xFF, 0xF7, 0xFF, 0xFF, 0xED, 0xFD, 0xFB, 0xFD, 0xF7, 0xDF, 0x76, 0xDE, 0xF7,
	0x5F, 0x7F, 0xFF, 0xFF, 0xFF, 0xBF, 0xFF, 0xFF, 0xFE, 0xEB, 0x7D, 0x40, 0x45, 0xE0, 0x00, 0x08,
	0x04, 0x42, 0xC0, 0x42, 0x01, 0x2A, 0x3B, 0x57, 0xEE, 0xAE, 0xC7, 0xFB, 0xFF, 0xE2, 0xFF, 0xFF,
	0xFD, 0x45, 0xEF, 0xFB, 0xEF, 0x7B, 0xF7, 0xEF, 0xFF, 0xFF, 0xBF, 0xFF, 0xEF, 0xF7, 0xFF, 0xDF,
	0xEF, 0xFF, 0xBF, 0xFF, 0xFF, 0x6F, 0x7B, 0xFE, 0xDF, 0xDB, 0xFF, 0xFF, 0xBB, 0xFF, 0xEF, 0x7F,
	0xEF, 0xFB, 0xDF, 0xFF, 0xF6, 0xFF, 0xBF, 0xAF, 0x7F, 0x7F, 0xFF, 0xDF, 0xFB, 0xDF, 0xFD, 0x7F,
	0xF7, 0xFF, 0xFE, 0xFF, 0xFB, 0xBF, 0x03, 0xF7, 0xAA, 0x91, 0x51, 0xD1, 0x10, 0x85, 0x10, 0x11,
	0x0A, 0x28, 0x4A, 0xA1, 0x3A, 0xED, 0x6E, 0xDB, 0xF5, 0xEF, 0xFE, 0xFF, 0xFD, 0xDF, 0x9D, 0xBE,
	0xBE, 0xFF, 0xEF, 0xBF, 0xFE, 0xFE, 0x3F, 0xFE, 0xFF, 0xFF, 0xBF, 0xFF, 0xFB, 0xBB, 0xBE, 0xDD,
	0xFB, 0x7B, 0xFD, 0xFF, 0xFF, 0xEF, 0xFB, 0x7F, 0xFF, 0xFF, 0xFF, 0xFF, 0xFF, 0xFF, 0x7E, 0xDF,
	0xFF, 0xDF, 0xDF, 0xFE, 0xF7, 0xFF, 0xEF, 0xFD, 0xBB, 0x7D, 0xBF, 0x7B, 0x6E, 0xFF, 0xFF, 0xBF,
	0xFF, 0xFF, 0xEF, 0xFC, 0xFC, 0xFA, 0x15, 0xC4, 0x04, 0xE4, 0x00, 0x50, 0x00, 0x00, 0x21, 0x40,
	0x10, 0x80, 0x1A, 0xF3, 0xAF, 0x7E, 0xBA, 0xFF, 0xFF, 0xFF, 0xEF, 0xFD, 0xAD, 0xFF, 0x57, 0xFF,
	0x6F, 0x7F, 0xDF, 0xFE, 0xDF, 0xF7, 0xFE, 0xF7, 0xFF, 0xBE, 0xEF, 0xBE, 0xFB, 0xF7, 0xEF, 0xEF,
	0xB7, 0xFF, 0xEF, 0xBF, 0xFF, 0xFF, 0x7B, 0xEE, 0xFF, 0x77, 0x7D, 0xFD, 0xFF, 0xFF, 0x7F, 0x7F,
	0xFF, 0x6F, 0xFE, 0xFB, 0xBB, 0xB7, 0xFF, 0xF7, 0xEF, 0xEF, 0xF5, 0xFF, 0xFF, 0xFE, 0xFF, 0xFF,
	0xBF, 0xFB, 0x57, 0x79, 0x47, 0x40, 0x50, 0x60, 0x92, 0x8A, 0x44, 0x8A, 0x14, 0x02, 0x4A, 0x09,
	0x76, 0xFC, 0xBF, 0x2B, 0xFE, 0xFE, 0xBB, 0x7F, 0x7F, 0xFF, 0xB6, 0xF7, 0xFB, 0xBB, 0xF7, 0x7F,
	0xFF, 0xDB, 0x5E, 0xFF, 0xFF, 0xFF, 0xFD, 0xFB, 0xFF, 0x77, 0xDF, 0xBF, 0x7F, 0xFF, 0xFF, 0xDB,
	0x7E, 0xFD, 0xDF, 0xFD, 0xFF, 0x7F, 0xEF, 0xFF, 0xF7, 0xEF, 0xFB, 0xFD, 0xF7, 0xFF, 0xFF, 0xFE,
	0xDB, 0xEF, 0xFF, 0xFF, 0xDB, 0xDF, 0x7B, 0x7D, 0xBB, 0xFF, 0xBF, 0xFF, 0xFB, 0xFE, 0xFF, 0xF5,
	0xBB, 0xB8, 0x20, 0xD0, 0x04, 0x40, 0x09, 0x40, 0x00, 0x00, 0xA9, 0x10, 0x20, 0x40, 0xE9, 0xFB,
	0xCD, 0xBC, 0x8B, 0x3D, 0x4F, 0x5F, 0xFF, 0xFF, 0xB7, 0x75, 0x5C, 0xFF, 0xFA, 0xFB, 0x7D, 0xFF,
	0xBF, 0xFF, 0xF7, 0xFE, 0xFF, 0xFF, 0xFF, 0x7F, 0x7B, 0xFD, 0xFD, 0xBD, 0xFF, 0x7F, 0xFB, 0xFF,
	0xFD, 0xF7, 0xEF, 0xFF, 0xFF, 0xFF, 0xFF, 0xBF, 0xEF, 0xEF, 0xFF, 0xFF, 0xDD, 0xFB, 0xFF, 0xFE,
	0xFE, 0xFD, 0xFE, 0xFD, 0xEF, 0xF7, 0x77, 0xFE, 0xFF, 0xFF, 0xFF, 0xFF, 0xFF, 0xF6, 0xCA, 0x9D,
	0x11, 0x41, 0x20, 0x69, 0x04, 0x10, 0x12, 0x49, 0x24, 0x45, 0x04, 0x05, 0x1F, 0xD6, 0xB7, 0xD7,
	0xF7, 0xBB, 0xF3, 0xAF, 0xFF, 0x73, 0xB1, 0x5B, 0xAE, 0xFF, 0xFF, 0xEF, 0xFF, 0xFF, 0xFF, 0xDF,
	0xDF, 0xDF, 0xEF, 0xDF, 0xDE, 0xDB, 0xFF, 0x6F, 0xB7, 0xF7, 0xDB, 0xFF, 0xEF, 0xF7, 0xF7, 0xDF,
	0xFF, 0xFB, 0xFB, 0x77, 0xBF, 0xFF, 0xFF, 0xBF, 0xDD, 0xDF, 0xFF, 0xBF, 0xFF, 0xBF, 0xEF, 0xDF,
	0x6F, 0xF7, 0xFD, 0xBF, 0xEF, 0xFF, 0xFE, 0xFF, 0xFF, 0xFB, 0xFF, 0xB5, 0x90, 0x59, 0x48, 0xC4,
	0x09, 0x40, 0x51, 0x42, 0x40, 0x02, 0x90, 0x00, 0x23, 0x00, 0xFF, 0xF7, 0xF3, 0xD9, 0xF9, 0xDA,
	0xBD, 0xAF, 0xF7, 0xE8, 0xDE, 0xDA, 0xA3, 0x77, 0x77, 0xFF, 0xF7, 0xBD, 0xFB, 0xFD, 0xFF, 0x7F,
	0xFF, 0x7E, 0xFF, 0x7F, 0xDB, 0xFE, 0xFF, 0xFF, 0xFF, 0xF6, 0xFF, 0xBF, 0x7F, 0xFF, 0xBD, 0xDF,
	0x6F, 0xFE, 0xFD, 0xFD, 0xBF, 0xFF, 0x7F, 0x7F, 0xFF, 0xFF, 0x6E, 0xFF, 0xFD, 0xFB, 0xFB, 0xBF,
	0xB7, 0xFB, 0x6F, 0xF7, 0xFF, 0xFB, 0xFF, 0xEF, 0xFF, 0xEB, 0x02, 0x5C, 0xA2, 0xC1, 0x20, 0x04,
	0x04, 0x88, 0x00, 0x11, 0x40, 0x14, 0x85, 0x25, 0xFF, 0xF5, 0x1B, 0xDC, 0x7D, 0x5B, 0xED, 0xB6,
	0xDF, 0xD7, 0x55, 0x4B, 0x7B, 0x7F, 0xE9, 0xFF, 0xDF, 0xF7, 0xFE, 0xFF, 0xFF, 0xFD, 0xFF, 0xFB,
	0xF6, 0xEE, 0xFF, 0xBB, 0xEE, 0xDE, 0xFF, 0x7F, 0xFF, 0xFF, 0xFF, 0x7E, 0xFF, 0xFF, 0xFF, 0xFF,
	0xF7, 0xF7, 0xFE, 0xFD, 0xFF, 0xFF, 0xF7, 0xDB, 0xFF, 0xF6, 0xF7, 0xEF, 0xDE, 0xFD, 0xFE, 0xDF,
	0xDF, 0xDF, 0xFF, 0xFF, 0xEF, 0xFF, 0xFE, 0xEE, 0xA0, 0x1C, 0x00, 0x64, 0x00, 0x40, 0xAA, 0x40,
	0x04, 0x8A, 0x22, 0x40, 0x08, 0x09, 0xF4, 0xDA, 0x4B, 0xAB, 0x9E, 0xDB, 0xB6, 0xD7, 0xFF, 0xED,
	0xD7, 0xEE, 0xFD, 0xFF, 0xEE, 0xFE, 0xFF, 0xFE, 0xED, 0x3F, 0xFF, 0xFF, 0xF7, 0xFF, 0xFF, 0x7F,
	0xEE, 0xFF, 0xBF, 0xFB, 0xDB, 0xFF, 0xB6, 0xF6, 0xDB, 0xFB, 0xF7, 0xFB, 0xFF, 0x6F, 0xFF, 0xBF,
	0xFB, 0xF7, 0xFB, 0xFF, 0xFE, 0xFF, 0xFB, 0xFF, 0xDF, 0xBF, 0x7F, 0xDF, 0xAF, 0xFD, 0xDF, 0x7F,
	0xFF, 0xFF, 0xFF, 0xFF, 0xFB, 0xEB, 0x02, 0x9A, 0xA0, 0xC1, 0x4A, 0x12, 0x01, 0x00, 0x90, 0x21,
	0x00, 0x00, 0x01, 0x23, 0xC0, 0x3C, 0x17, 0x76, 0xE7, 0x5A, 0x52, 0xAF, 0xFF, 0xEE, 0xDF, 0xE6,
	0xEE, 0x76, 0xF5, 0xEF, 0xFE, 0xFB, 0x7B, 0xFF, 0x6D, 0xEF, 0xBF, 0xFF, 0xFF, 0x5B, 0x7F, 0xEF,
	0xFB, 0xEF, 0xFF, 0xDB, 0xFF, 0xFF, 0xFF, 0xEF, 0xFF, 0x6F, 0xBB, 0xFF, 0x7F, 0xFF, 0xDF, 0xFF,
	0xEF, 0xBF, 0xDF, 0xFE, 0xDF, 0xDF, 0xFF, 0xFD, 0xF7, 0x76, 0xFA, 0xDF, 0xBF, 0xFF, 0xFB, 0xFF,
	0xFF, 0xFF, 0xEF, 0xED, 0x40, 0x3A, 0x02, 0xD0, 0x00, 0x41, 0x54, 0x24, 0x00, 0x94, 0x91, 0x12,
	0x40, 0x0F, 0x15, 0x3D, 0x47, 0x77, 0xD7, 0x55, 0xBE, 0x6F, 0xFD, 0xEB, 0x5F, 0x2A, 0xFE, 0xFF,
	0xB7, 0xFF, 0xFF, 0xD7, 0xBB, 0xB7, 0xFF, 0xFF, 0xFE, 0xDF, 0x6F, 0x7F, 0xED, 0xBD, 0xDF, 0x7F,
	0x7E, 0xFF, 0xFF, 0xDF, 0xFF, 0xBF, 0xDF, 0xFF, 0xFF, 0xFD, 0xFB, 0xFD, 0xFF, 0xBF, 0xFF, 0xFF,
	0xFD, 0xDB, 0xFF, 0x7B, 0x7D, 0xEF, 0xFD, 0xFF, 0xEF, 0xF6, 0xBF, 0xFF, 0xFF, 0xEF, 0xFF, 0x7F,
	0xBF, 0xF6, 0x09, 0x39, 0x48, 0xC5, 0x51, 0x08, 0x42, 0x00, 0x02, 0x42, 0x00, 0x40, 0x14, 0x78,
	0x40, 0xB4, 0x4E, 0xED, 0x7A, 0x6F, 0xCE, 0x5F, 0x87, 0xEE, 0x7C, 0xD6, 0xDB, 0x5D, 0xAE, 0xFB,
	0x77, 0xF7, 0xBB, 0xB3, 0xFF, 0xFF, 0xFF, 0xFB, 0xFF, 0x95, 0xBF, 0xFF, 0xFF, 0xFD, 0xEF, 0xEE,
	0xDB, 0x7D, 0xB6, 0xFF, 0x7D, 0xFF, 0xEF, 0xB7, 0xEF, 0xB7, 0xFD, 0xFE, 0xFE, 0xFF, 0xFF, 0xFF,
	0xFB, 0xFF, 0xEF, 0xBF, 0xB7, 0xF7, 0x7E, 0xDF, 0x7F, 0xFF, 0xFF, 0xFF, 0xBF, 0xFE, 0xFF, 0xF7,
	0x00, 0x34, 0x03, 0x80, 0x80, 0x02, 0x28, 0x88, 0x10, 0x28, 0x84, 0x00, 0x30, 0x02, 0x95, 0x1E,
	0x92, 0xF5, 0x4B, 0x2A, 0xF7, 0x7F, 0x7A, 0xEF, 0x7F, 0xEA, 0xFF, 0xFF, 0x6F, 0x1E, 0xBF, 0x77,
	0xBD, 0x6D, 0xFF, 0x7D, 0xEF, 0xFF, 0xFD, 0xEF, 0xF6, 0xDE, 0xF6, 0xDF, 0xFD, 0xFF, 0xFF, 0xFF,
	0xFF, 0xFD, 0xFF, 0xEE, 0xFE, 0xFF, 0xFF, 0xFF, 0xB7, 0xF7, 0xDF, 0xFF, 0xEF, 0xFE, 0xDF, 0xDF,
	0xBF, 0xFD, 0xFF, 0x7D, 0xEF, 0xFA, 0xFF, 0xFF, 0xDF, 0xFF, 0xFF, 0xFB, 0xFF, 0xF8, 0x11, 0x62,
	0x40, 0x25, 0x04, 0x48, 0x80, 0x22, 0x45, 0x14, 0x11, 0x10, 0x80, 0x4A, 0x48, 0xBC, 0x49, 0xF7,
	0xFA, 0xBF, 0xB7, 0xFD, 0x7F, 0x33, 0xBD, 0xF5, 0xFE, 0xFF, 0x5A, 0xEE, 0xBF, 0xFA, 0x7F, 0xF5,
	0xDB, 0xF7, 0xBF, 0x7F, 0xBF, 0xF5, 0xBF, 0xF7, 0xBF, 0xF7, 0x77, 0xBD, 0xFF, 0xF7, 0xFF, 0xFF,
	0xF7, 0xBF, 0xFB, 0xFF, 0xFE, 0xFF, 0xFF, 0xFF, 0xFB, 0xDF, 0xFE, 0xDB, 0xFF, 0x7B, 0xFD, 0xF7,
	0xFF, 0xDF, 0xBA, 0xBD, 0xFE, 0xFF, 0x7F, 0xFF, 0xFF, 0xFF, 0xFF, 0xFF, 0x40, 0x48, 0x10, 0x02,
	0x41, 0x04, 0xD4, 0x00, 0x00, 0x80, 0x40, 0x02, 0x05, 0x22, 0x55, 0x59, 0x24, 0x6F, 0xFD, 0x50,
	0xD7, 0xFF, 0xFF, 0xD9, 0x7D, 0xB5, 0xB7, 0xF7, 0xF6, 0xDF, 0xFD, 0xFF, 0xFA, 0xFB, 0xFF, 0xFF,
	0xFF, 0xF6, 0xFF, 0xFC, 0xDA, 0xDF, 0xFD, 0xBF, 0xFF, 0xF7, 0xB7, 0x7E, 0xEF, 0xEF, 0xFF, 0xFF,
	0xBF, 0xFE, 0xDF, 0xF7, 0xFF, 0x7B, 0x7F, 0x7F, 0xFB, 0xFF, 0xFB, 0xFE, 0xF7, 0xBF, 0xB6, 0xFB,
	0xFF, 0xEB, 0xFF, 0xFB, 0xFF, 0xFF, 0xFD, 0xFF, 0xFF, 0xFF, 0x04, 0x2A, 0x42, 0x29, 0x08, 0x22,
	0x81, 0x41, 0x14, 0x52, 0x08, 0x80, 0x90, 0x95, 0x22, 0x74, 0x11, 0x37, 0xFE, 0xEF, 0x77, 0xEF,
	0xFF, 0xDD, 0x7D, 0xF3, 0xFF, 0x7F, 0xEB, 0x3E, 0xEF, 0xFF, 0xF6, 0xFF, 0xFF, 0xDF, 0xFD, 0xFF,
	0xF6, 0xFF, 0x57, 0xFA, 0xDF, 0xFD, 0xDE, 0xFF, 0xFF, 0xFF, 0xFD, 0xBF, 0x7D, 0xF6, 0xFF, 0xB7,
	0xFF, 0xDE, 0xDD, 0xEF, 0xF7, 0xFF, 0xBF, 0xFF, 0xBF, 0xDF, 0xBF, 0xFE, 0xFF, 0xFF, 0x6B, 0xBB,
	0xFB, 0xFF, 0xFF, 0x7D, 0xFF, 0xFF, 0xFF, 0x7F, 0x01, 0x10, 0x00, 0x94, 0x20, 0x10, 0x50, 0x08,
	0x22, 0x08, 0x00, 0x60, 0x25, 0x4A, 0x88, 0x01, 0x48, 0xBE, 0xEE, 0xFF, 0xB7, 0xAB, 0xFF, 0xDA,
	0xF6, 0xFF, 0xD9, 0xEE, 0xED, 0xFF, 0x9F, 0xDB, 0xEF, 0x7F, 0xBF, 0x7F, 0xFF, 0xFF, 0xFF, 0xEF,
	0xF5, 0x6F, 0xF6, 0xEF, 0xFB, 0xDE, 0xFD, 0xDB, 0xBF, 0xFD, 0xEF, 0xBF, 0xEE, 0xFF, 0xFB, 0x7F,
	0xFF, 0xFF, 0xFF, 0xFF, 0xFF, 0xB6, 0xFE, 0xFB, 0xFD, 0xF7, 0xED, 0xAD, 0xFE, 0xF7, 0xFF, 0xFF,
	0xFF, 0xFF, 0xFF, 0xEF, 0xFD, 0xFE, 0x24, 0x49, 0x48, 0x42, 0x02, 0x0A, 0x94, 0xA0, 0x08, 0xA0,
	0x25, 0x4A, 0x52, 0x24, 0x05, 0x54, 0x26, 0x6F, 0xFE, 0xFF, 0xAE, 0xB5, 0xDD, 0xFA, 0xDE, 0xDD,
	0xE6, 0xFF, 0xF7, 0xFB, 0xB7, 0xFF, 0xB6, 0xF6, 0xF7, 0xFE, 0xEF, 0xDF, 0xFF, 0xFF, 0xFD, 0x7E,
	0xDF, 0xFF, 0x7F, 0xFB, 0xDF, 0xFF, 0xF7, 0xEF, 0xFE, 0xFF, 0xFF, 0xFB, 0xBF, 0xFF, 0xF7, 0xFE,
	0xDE, 0xFF, 0xF7, 0xFF, 0xF7, 0xEF, 0xDF, 0xBF, 0xBF, 0xFF, 0xB7, 0xCF, 0xFF, 0xFF, 0xFF, 0xFF,
	0xEF, 0xFF, 0xFF, 0xF7, 0x00, 0xA0, 0x21, 0x28, 0x88, 0xA4, 0x80, 0x24, 0x84, 0x42, 0x00, 0x00,
	0x89, 0x50, 0x50, 0x01, 0xC9, 0xDB, 0x0E, 0xFF, 0xAD, 0x7D, 0xDF, 0xFB, 0xFF, 0x77, 0xDF, 0x13,
	0xFF, 0xEF, 0xCF, 0x7F, 0xF9, 0xFF, 0xFF, 0xFB, 0xFF, 0xFD, 0xBB, 0xBB, 0xBF, 0xB7, 0xFB, 0x6D,
	0xEF, 0x7F, 0xFF, 0x7E, 0xFE, 0xFF, 0xFF, 0xF6, 0xDD, 0xDF, 0xFF, 0xFB, 0x7F, 0x6F, 0xFB, 0xDF,
	0xFE, 0xFF, 0xDF, 0xBF, 0x7E, 0xFB, 0xFE, 0xF6, 0xFE, 0xDF, 0xFF, 0xFF, 0xFF, 0xFF, 0xFF, 0xFF,
	0xFF, 0xFE, 0x50, 0x51, 0x80, 0xA8, 0x00, 0x11, 0x51, 0x60, 0x52, 0x04, 0x81, 0x12, 0x55, 0x05,
	0x0A, 0x89, 0xF5, 0x5E, 0xF3, 0xFE, 0xBA, 0x96, 0xFF, 0xF7, 0xFF, 0x1F, 0x5F, 0xFD, 0xBD, 0xBF,
	0xFF, 0xFF, 0xFF, 0xFF, 0xFE, 0xEF, 0xFE, 0xFF, 0xFF, 0xFF, 0xF7, 0x9A, 0xDF, 0xFF, 0xFD, 0xEE,
	0xF7, 0xEF, 0xFF, 0xFD, 0xB7, 0xFF, 0xFF, 0xFE, 0xF7, 0xDF, 0xFD, 0xFF, 0xFF, 0xFF, 0xFF, 0xDB,
	0x7D, 0xFD, 0xF7, 0xEE, 0xEB, 0xDF, 0xDB, 0xBF, 0xDF, 0xEF, 0xFF, 0xF7, 0xFF, 0xFF, 0xBF, 0xFF,
	0x02, 0x89, 0x05, 0x64, 0x24, 0x44, 0x24, 0x29, 0x08, 0xA0, 0x10, 0x41, 0x08, 0x50, 0xA0, 0x23,
	0xFD, 0x7D, 0xFC, 0xF6, 0xF3, 0xEA, 0xDF, 0x8F, 0xFF, 0xC8, 0xBF, 0xAE, 0xF7, 0xFF, 0xFB, 0xF6,
	0xFF, 0xDF, 0xDF, 0xFF, 0xEF, 0xFF, 0xFE, 0xFE, 0xFE, 0xEF, 0xFD, 0xBE, 0xDF, 0xFB, 0xDE, 0xFB,
	0xB7, 0x6F, 0xFE, 0xDF, 0xF7, 0xF7, 0xDE, 0xFF, 0xDF, 0xFB, 0x6F, 0x7F, 0xDF, 0xFF, 0xFF, 0xFF,
	0xFD, 0xFF, 0xFF, 0xFB, 0x7F, 0x7F, 0xFF, 0xFF, 0xFB, 0xDF, 0xFF, 0x7E, 0xFF, 0xFF, 0x20, 0x50,
	0x20, 0x10, 0x80, 0x2E, 0x81, 0x00, 0xAD, 0x08, 0x42, 0x0A, 0xA4, 0x02, 0x04, 0x09, 0xDF, 0xFD,
	0xFD, 0xFF, 0x4F, 0xFA, 0xDF, 0xFF, 0x97, 0x6F, 0xFE, 0x53, 0x7F, 0xFD, 0xDF, 0xDF, 0xFF, 0xFD,
	0xFF, 0xBF, 0xBF, 0xEF, 0x6F, 0xEF, 0xEF, 0xEE, 0xDF, 0xF7, 0xFF, 0x6F, 0xFF, 0xDF, 0xFF, 0xFF,
	0xFF, 0xFB, 0x7E, 0xDF, 0xFF, 0xFD, 0xFB, 0xDF, 0xFD, 0xFF, 0xFB, 0x7F, 0xEF, 0x6F, 0x6F, 0xBB,
	0xBE, 0xDF, 0xEE, 0xFF, 0xFF, 0x7F, 0xBF, 0xFF, 0xFF, 0xFB, 0xFB, 0xBF, 0x89, 0x01, 0x05, 0x42,
	0x08, 0xA6, 0x48, 0x42, 0x18, 0x22, 0x00, 0xA4, 0x91, 0x50, 0x40, 0x83, 0xA7, 0xFD, 0xFF, 0xFF,
	0xBF, 0xFD, 0xFD, 0xFF, 0x6B, 0xB7, 0xFD, 0xAD, 0x7F, 0xEF, 0x7F, 0xFF, 0xEE, 0xFF, 0xFB, 0xFD,
	0xFF, 0x7D, 0xFF, 0xFF, 0xFF, 0xF7, 0xF6, 0xDF, 0xF5, 0xFE, 0xED, 0xFE, 0xFD, 0xFD, 0xDB, 0xBF,
	0xDF, 0xFD, 0xFF, 0xF7, 0xFF, 0xFD, 0xDF, 0xFF, 0xFF, 0xF6, 0xFD, 0xFB, 0xFF, 0xFF, 0xF7, 0xF6,
	0xBD, 0xFE, 0xFF, 0xFF, 0xFF, 0xFF, 0xBB, 0xFF, 0xFF, 0xFD, 0xC8, 0xA8, 0x21, 0x28, 0x40, 0x91,
	0x19, 0x10, 0x44, 0x88, 0x00, 0x12, 0x44, 0x01, 0x00, 0x2E, 0x7B, 0x7B, 0x8F, 0xFF, 0xD7, 0x7E,
	0xDF, 0xFE, 0xFB, 0xBB, 0xFD, 0x7B, 0xB6, 0xFF, 0xFD, 0xFF, 0xBF, 0xFF, 0xEF, 0xFF, 0xFB, 0xFF,
	0xFF, 0x7D, 0xBD, 0xB6, 0xBF, 0xFD, 0xBF, 0xDB, 0xBF, 0x77, 0xDF, 0xDF, 0xFE, 0xF7, 0x7F, 0xBF,
	0x76, 0xDF, 0xBF, 0x6F, 0xF7, 0x7F, 0xDF, 0xBF, 0xB7, 0xDF, 0x76, 0xDD, 0xBD, 0xBF, 0xFB, 0xFF,
	0xFF, 0xFF, 0xFF, 0xFF, 0xFF, 0xFF, 0xFF, 0xFF, 0xE2, 0x01, 0x0A, 0x00, 0x02, 0x64, 0x18, 0x05,
	0x12, 0x02, 0x24, 0x4A, 0x11, 0x54, 0x09, 0x1A, 0x15, 0xFC, 0x73, 0xB7, 0xA9, 0xFF, 0xBF, 0xFE,
	0xAD, 0x6B, 0xFD, 0xB8, 0xBF, 0xDD, 0xFF, 0xFB, 0xFF, 0xDE, 0xFF, 0xBF, 0xFF, 0xFF, 0xFB, 0xF7,
	0xFF, 0xFB, 0xF7, 0x6F, 0xFF, 0xFF, 0xF7, 0xFF, 0x7F, 0x7F, 0x7F, 0xDF, 0xEB, 0xFB, 0xFF, 0xFF,
	0xF7, 0xFF, 0x7F, 0xFF, 0xFB, 0xFB, 0xFF, 0x7F, 0xDF, 0xF7, 0xF7, 0xF6, 0xD7, 0xF7, 0xFF, 0xFF,
	0xFF, 0xFF, 0xFF, 0xFF, 0xFF, 0xFF, 0xF2, 0xAB, 0xA0, 0xA8, 0x80, 0xF2, 0x80, 0x51, 0xA0, 0x48,
	0x00, 0x91, 0x00, 0x00, 0x00, 0x40, 0x1D, 0xEF, 0xFB, 0xFF, 0x7E, 0xFE, 0x7F, 0xBE, 0xFB, 0x7B,
	0xDE, 0xBE, 0xFF, 0xFF, 0x6F, 0xBF, 0xFD, 0xFD, 0xFE, 0xF6, 0xDF, 0xF7, 0xEF, 0xFF, 0xF7, 0xF7,
	0x7D, 0xFE, 0xED, 0xB6, 0xFE, 0xDB, 0xF7, 0xFB, 0xEF, 0x78, 0x94, 0x57, 0xDF, 0xFE, 0xFD, 0xFD,
	0xFD, 0xDF, 0xEF, 0x6F, 0xDF, 0xF5, 0xFD, 0xBF, 0xDF, 0x7F, 0xEF, 0xBF, 0xFB, 0xFD, 0xFF, 0xFF,
	0xFF, 0xFF, 0xFF, 0xEF, 0xF0, 0x01, 0x8A, 0x50, 0x02, 0x78, 0x04, 0x05, 0x11, 0x06, 0x41, 0x4A,
	0x2A, 0x52, 0x12, 0x09, 0x0D, 0xFF, 0xFD, 0xD7, 0xAA, 0xEE, 0xEE, 0x4E, 0xDC, 0xED, 0xFE, 0xC9,
	0x3B, 0xFA, 0xBE, 0xFF, 0xF7, 0xFB, 0x5F, 0xFF, 0xFD, 0xDF, 0xBF, 0xDF, 0xDF, 0x77, 0xDF, 0xBB,
	0xBF, 0xFF, 0xBB, 0xFF, 0xFF, 0xFF, 0xFD, 0xE7, 0xFF, 0xEA, 0xBB, 0x6F, 0xEF, 0xB7, 0xDF, 0xFF,
	0xBF, 0xFE, 0xFB, 0xDF, 0x77, 0xFB, 0x7D, 0xDB, 0x5F, 0xFF, 0xFF, 0xFF, 0xFB, 0xBD, 0xFF, 0xDF,
	0xFB, 0xBE, 0xFA, 0xA1, 0x01, 0x03, 0x20, 0xB5, 0x41, 0x20, 0xA8, 0x22, 0x08, 0x20, 0x80, 0x30,
	0x00, 0x44, 0x55, 0xFF, 0xC7, 0xA9, 0xDF, 0x7F, 0xA9, 0xF6, 0xEB, 0xBB, 0xFF, 0x7D, 0x8F, 0x6D,
	0xFF, 0xFE, 0xFF, 0xED, 0x7F, 0xFF, 0xF7, 0xFE, 0xFF, 0xFD, 0xFF, 0xFA, 0xF7, 0xEF, 0xFE, 0xEE,
	0xEF, 0xB6, 0xDD, 0xBD, 0xB7, 0x9F, 0xFF, 0xFE, 0xAF, 0xFD, 0xBF, 0xFF, 0xF7, 0x7F, 0xFD, 0xFB,
	0xFF, 0x7F, 0xDF, 0xBF, 0xFF, 0xFF, 0xBF, 0xFF, 0xFF, 0xEF, 0xFF, 0xFF, 0xFF, 0x7F, 0xBF, 0xFF,
	0xF8, 0x08, 0x48, 0xA9, 0x05, 0x24, 0x08, 0x0A, 0x50, 0x90, 0x22, 0x94, 0x29, 0x04, 0x42, 0x10,
	0x1D, 0xFF, 0xBB, 0x7D, 0xD5, 0x7F, 0xAF, 0xFB, 0x7D, 0xFA, 0xBF, 0x37, 0xE3, 0xFE, 0xBB, 0xF7,
	0xDF, 0xBE, 0xFB, 0xDF, 0xBF, 0xFF, 0xFE, 0xFF, 0xFD, 0xDB, 0xDD, 0xBE, 0xEB, 0xFF, 0xFE, 0xFF,
	0xFF, 0xF7, 0xFE, 0xFF, 0xBF, 0xFF, 0xF1, 0x7F, 0xFD, 0xFD, 0x7F, 0xFF, 0xF7, 0xAF, 0xAD, 0xF6,
	0xFD, 0xEE, 0xEF, 0x6B, 0x7E, 0xFF, 0xBF, 0xFF, 0xFF, 0xFF, 0xEF, 0xFE, 0xFF, 0xFF, 0xFA, 0xA0,
	0x14, 0x82, 0x10, 0x88, 0x9A, 0x81, 0x20, 0x0A, 0x04, 0x82, 0x04, 0x90, 0x08, 0x04, 0x55, 0xDB,
	0x55, 0x56, 0x5E, 0xFF, 0x6F, 0xC9, 0x57, 0x5D, 0x5D, 0xDD, 0x7C, 0xFF, 0x6F, 0xFF, 0xFF, 0xFF,
	0xFF, 0xFB, 0xFF, 0xBF, 0xFF, 0xEF, 0x6F, 0xF6, 0xFF, 0xFB, 0xBF, 0xB7, 0x77, 0xDD, 0xEF, 0xDF,
	0xF9, 0xFE, 0xF6, 0xDF, 0xFF, 0x4B, 0xEF, 0x5F, 0xDB, 0x7F, 0xDF, 0xFE, 0xFF, 0xDF, 0xD7, 0xFF,
	0xFB, 0xFE, 0xFF, 0xFE, 0xFF, 0xFF, 0xEF, 0xFF, 0xFF, 0xFF, 0xFF, 0xFF, 0xDC, 0x85, 0x0E, 0x50,
	0x44, 0x44, 0x08, 0x29, 0xC5, 0x20, 0x88, 0x50, 0xA2, 0x00, 0x21, 0x40, 0xBE, 0xFE, 0xFB, 0x7B,
	0xB5, 0xE3, 0x2F, 0x3E, 0xBD, 0xF7, 0xEF, 0x67, 0xAB, 0x6F, 0xAF, 0xDF, 0xFD, 0xFF, 0xFF, 0x7F,
	0xFF, 0xFB, 0xF7, 0xFF, 0xFF, 0xFB, 0xB6, 0xDF, 0xFB, 0xFD, 0xDF, 0x7F, 0x7D, 0xFE, 0xD7, 0xFB,
	0xFF, 0xFB, 0xFF, 0xF5, 0x7F, 0xF7, 0xFF, 0xDF, 0xFD, 0xFF, 0xF6, 0xFD, 0xFF, 0x76, 0xDF, 0x6D,
	0xFF, 0xFB, 0xFF, 0x7F, 0xFF, 0xFF, 0xFF, 0xFF, 0xFF, 0xFE, 0xFC, 0x40, 0x4E, 0x20, 0x02, 0xB0,
	0x42, 0x05, 0xA0, 0x04, 0x05, 0x25, 0x09, 0x44, 0x84, 0x05, 0xEB, 0x2A, 0xAB, 0x4A, 0x9B, 0xDB,
	0xAF, 0xEB, 0x45, 0x45, 0x57, 0x72, 0xAD, 0xBD, 0x77, 0x7D, 0xDF, 0xFB, 0xEF, 0xFF, 0xFD, 0xFF,
	0x7F, 0xBD, 0xFF, 0x7B, 0xFF, 0xF6, 0xDE, 0xDF, 0xFD, 0xF7, 0xF7, 0xBB, 0xF7, 0xDF, 0xFF, 0xFF,
	0x6F, 0xFF, 0x2B, 0xFE, 0xDB, 0xFF, 0xB7, 0xB7, 0xBF, 0xF7, 0x7D, 0xDF, 0xF7, 0xFB, 0xFF, 0xFF,
	0xFF, 0xFF, 0xFF, 0xF7, 0xFF, 0xFF, 0xFE, 0xEF, 0xFE, 0x12, 0x10, 0xAA, 0x60, 0x44, 0xE0, 0x22,
	0x00, 0x91, 0x10, 0x80, 0x4E, 0x00, 0x11, 0x51, 0x5C, 0xD7, 0xF6, 0xEE, 0xEB, 0xAD, 0xB7, 0x5F,
	0x7E, 0xBF, 0xF7, 0x9F, 0xF5, 0xBF, 0x7F, 0xFF, 0xFF, 0x6F, 0xBF, 0xF7, 0xB7, 0xDF, 0xFE, 0xFF,
	0xF7, 0xFA, 0xDB, 0x7F, 0xFB, 0xFB, 0xBF, 0xDF, 0xBF, 0xFF, 0xDF, 0xFF, 0xB6, 0xEF, 0xFE, 0xDF,
	0xEA, 0xB7, 0xFE, 0xFF, 0xFF, 0xFE, 0xFF, 0x5F, 0xDF, 0xFD, 0xBD, 0x57, 0xF7, 0xDF, 0xFF, 0xFF,
	0x7F, 0xBF, 0xBE, 0xFF, 0xFF, 0xFF, 0xFF, 0x40, 0x02, 0x20, 0xC6, 0x20, 0xE4, 0x95, 0x48, 0x00,
	0x2A, 0x55, 0x06, 0xA1, 0x40, 0x01, 0xF3, 0x7D, 0x49, 0xB7, 0x6E, 0x7A, 0xCE, 0xB4, 0xBF, 0xEA,
	0xBB, 0x7F, 0xDA, 0xFF, 0x67, 0xFF, 0x76, 0x9F, 0xFD, 0xDF, 0x7F, 0xFF, 0xFB, 0xFF, 0xBF, 0xDB,
	0xFF, 0xED, 0xBF, 0x6F, 0xEE, 0xFD, 0xFE, 0xEF, 0xBE, 0xFE, 0xFF, 0xFF, 0xFB, 0xFD, 0xFE, 0x9F,
	0x6F, 0xBF, 0xED, 0x6F, 0xF7, 0xFD, 0xFB, 0xDF, 0xEF, 0xEF, 0xFF, 0xFF, 0xFD, 0xFD, 0xFF, 0xFF,
	0xFF, 0xF7, 0xF7, 0xFF, 0xFF, 0xA4, 0x91, 0x74, 0x0B, 0x28, 0xE0, 0x00, 0x82, 0x4A, 0x09, 0x00,
	0xA8, 0x08, 0x05, 0x4E, 0x8F, 0xB7, 0xF6, 0xD7, 0x73, 0xAE, 0xF6, 0xFB, 0x5F, 0xDE, 0xAB, 0x76,
	0xFD, 0xB7, 0xDF, 0xDB, 0xFE, 0xEF, 0xFF, 0xFE, 0xBF, 0xFD, 0xEF, 0xF7, 0xFE, 0xFD, 0xBB, 0xBF,
	0xED, 0xFD, 0xBB, 0xEF, 0xB7, 0xBD, 0xBB, 0xEF, 0xFF, 0xFD, 0xEF, 0xFF, 0xBF, 0xE9, 0xFD, 0xFF,
	0xFF, 0xFB, 0xDD, 0xF7, 0xBF, 0x7B, 0x7B, 0x5F, 0xBF, 0xFF, 0xFF, 0xFF, 0xFF, 0xFF, 0xFF, 0xFF,
	0xBF, 0xFF, 0xEF, 0xFE, 0x2A, 0xFF, 0x81, 0x20, 0x01, 0x55, 0x21, 0x00, 0x64, 0xAE, 0x02, 0x42,
	0x10, 0x00, 0x57, 0xBA, 0xAF, 0x37, 0x5D, 0xF7, 0x37, 0x56, 0xA7, 0xD5, 0xEB, 0xBF, 0xEC, 0xDF,
	0x7E, 0xFF, 0xDE, 0xFE, 0xF7, 0xFE, 0xDF, 0xF7, 0xFF, 0xFF, 0xFF, 0xFD, 0xEF, 0xFB, 0x7F, 0xDF,
	0xFF, 0xBD, 0xFF, 0xFF, 0x7F, 0xFF, 0xF7, 0x77, 0xFF, 0xEF, 0xFB, 0xFE, 0x2F, 0xDF, 0x7F, 0xFF,
	0x7F, 0x7F, 0xED, 0xEF, 0xEF, 0xBF, 0xFF, 0x7F, 0xF7, 0xF7, 0xFD, 0xFF, 0xFF, 0xFF, 0xFF, 0xFD,
	0xFF, 0xFF, 0xC1, 0xF0, 0x4A, 0x92, 0x04, 0x02, 0x8A, 0x08, 0x31, 0x0E, 0xA0, 0x08, 0x44, 0xAA,
	0x87, 0x65, 0x7A, 0xF7, 0x56, 0xBB, 0xB7, 0x6D, 0xF7, 0xEB, 0xF7, 0x7F, 0xBF, 0xBD, 0xFF, 0xFF,
	0x7B, 0xDB, 0xDF, 0x7F, 0x7D, 0xBF, 0xFF, 0xFE, 0xEF, 0xFE, 0xFD, 0xBF, 0xEA, 0xF6, 0xDD, 0xF7,
	0xFD, 0xF6, 0xFF, 0xFB, 0xBF, 0xFF, 0xBF, 0xBD, 0xFF, 0x7F, 0xF2, 0x5F, 0xB5, 0xAF, 0xF7, 0xDD,
	0xFF, 0xBE, 0xFE, 0x7F, 0xFF, 0xFF, 0xBF, 0xFF, 0xFF, 0xFF, 0xF7, 0xFF, 0xFF, 0xDF, 0xFF, 0xFB,
	0xFF, 0xED, 0x04, 0x08, 0x90, 0xA9, 0x00, 0x42, 0x88, 0x5E, 0x00, 0x81, 0x10, 0x40, 0x53, 0xAF,
	0x45, 0xF6, 0xEA, 0x8D, 0xBF, 0x6B, 0x53, 0xF7, 0x56, 0xF6, 0xFE, 0xBF, 0x77, 0xEF, 0xFE, 0x5F,
	0xFF, 0xEF, 0xFF, 0xFF, 0xBF, 0xBF, 0xFE, 0xEE, 0x5F, 0xFA, 0x95, 0x2F, 0xF7, 0xDF, 0x5F, 0xBD,
	0xEE, 0xDF, 0xFF, 0xFF, 0xFE, 0xFF, 0xEF, 0xF7, 0xFF, 0xFF, 0x9F, 0xFD, 0xDF, 0xFF, 0x76, 0xFB,
	0xB4, 0xFE, 0xFF, 0xFD, 0xFF, 0xFF, 0xFF, 0xFD, 0xDF, 0xBF, 0xFF, 0xFF, 0xFB, 0x7F, 0xFF, 0xD4,
	0x52, 0xE0, 0x02, 0x04, 0x4A, 0x00, 0x45, 0x0E, 0x92, 0x04, 0x05, 0x15, 0x07, 0x5D, 0xFB, 0xE9,
	0x77, 0xD5, 0xB7, 0xAB, 0xDC, 0xFC, 0xA9, 0xFD, 0x76, 0xF6, 0xBF, 0x7D, 0x7F, 0xFF, 0xFF, 0xFF,
	0xEF, 0xFF, 0xFD, 0xFB, 0xFF, 0xFF, 0xAB, 0x55, 0xFF, 0xEB, 0x7F, 0x7D, 0xF7, 0xED, 0xFF, 0xFF,
	0xFD, 0xDF, 0xFB, 0xFF, 0xBF, 0xDF, 0xDF, 0xDF, 0xE8, 0xF7, 0xFD, 0xB7, 0xDF, 0xEF, 0xE1, 0xFF,
	0xFF, 0xFF, 0xFF, 0xDF, 0xEF, 0xEF, 0xFF, 0xFD, 0xFF, 0x7F, 0xBF, 0xFF, 0xFF, 0xDC, 0x07, 0xFC,
	0x24, 0x21, 0x00, 0x09, 0x28, 0x20, 0x00, 0x80, 0x90, 0x40, 0xB6, 0xF7, 0xDB, 0xCF, 0xBE, 0x4D,
	0x6F, 0xBA, 0xBF, 0x73, 0xE7, 0xDB, 0xBE, 0x7E, 0xBF, 0xFD, 0xB7, 0xFB, 0x77, 0x7B, 0xBF, 0xFD,
	0xFF, 0xFF, 0xDF, 0xFB, 0xF5, 0x6F, 0xFF, 0xFB, 0xDB, 0xF7, 0xFD, 0x7B, 0xFF, 0xFD, 0xB7, 0xFD,
	0xEF, 0xFF, 0xFE, 0xFE, 0xFD, 0xFF, 0xB7, 0x3E, 0xF7, 0xFD, 0x7B, 0x7E, 0x87, 0xFF, 0xFB, 0xFF,
	0xFF, 0xFF, 0xFF, 0xBF, 0xFF, 0xFF, 0xFD, 0xFF, 0xFF, 0xF7, 0x77, 0x56, 0xBB, 0xFE, 0x80, 0x8A,
	0x15, 0x20, 0x42, 0x94, 0x48, 0x14, 0x42, 0x95, 0xED, 0xBE, 0xF7, 0xDA, 0xDE, 0xF5, 0x6F, 0xCB,
	0xBF, 0x77, 0xBB, 0xFA, 0xFF, 0xEF, 0xFB, 0xFD, 0xDF, 0xEF, 0xFE, 0x9F, 0xFE, 0xDF, 0xF7, 0xFF,
	0x7B, 0x6F, 0xFF, 0xFF, 0x7E, 0xFC, 0xFF, 0x7F, 0x6F, 0xF7, 0xBB, 0xB7, 0xFF, 0xFF, 0xBF, 0xFB,
	0xFF, 0xFF, 0xFF, 0xBF, 0xFF, 0xCF, 0xBE, 0xDB, 0xEF, 0xF5, 0x0F, 0xFF, 0xFF, 0xEF, 0xFF, 0x7F,
	0x7E, 0xFF, 0xFF, 0xFF, 0xEF, 0xFD, 0xFF, 0xFF, 0xFF, 0xDB, 0xD7, 0x5F, 0x08, 0x00, 0x40, 0x05,
	0x28, 0x49, 0x02, 0x02, 0x2C, 0x0F, 0x9B, 0xFF, 0xDF, 0xBF, 0xDD, 0xFE, 0xBE, 0xED, 0x71, 0xEE,
	0x6D, 0xFD, 0x6D, 0xFF, 0xEF, 0x6D, 0x3E, 0xFF, 0xDE, 0xEF, 0x87, 0xFF, 0xDF, 0xDF, 0xFF, 0xFF,
	0xFF, 0xFD, 0xEF, 0xDF, 0x6D, 0xDB, 0xFD, 0xAF, 0xFF, 0xFF, 0xFF, 0xF7, 0xFF, 0xEF, 0xF7, 0xF7,
	0xB6, 0xFF, 0xAA, 0xF5, 0xFB, 0xFF, 0x7D, 0xAA, 0x3F, 0xFB, 0xEF, 0xFF, 0xFB, 0xFF, 0xFF, 0xFF,
	0xFF, 0xFF, 0xFF, 0xFF, 0xFE, 0xFF, 0xFF, 0xEE, 0xB9, 0x03, 0x22, 0x4A, 0x1E, 0x80, 0x11, 0x24,
	0x20, 0x58, 0x86, 0xBB, 0x6E, 0xDB, 0x77, 0x57, 0x5D, 0xFE, 0x7F, 0xFE, 0xB6, 0x57, 0xB5, 0xB7,
	0xFF, 0xBD, 0xBF, 0xFF, 0xFF, 0xDE, 0xFD, 0xEE, 0xFB, 0xFB, 0xFF, 0x7D, 0xFF, 0xFF, 0x6E, 0xDF,
	0xFB, 0xFF, 0x7F, 0xFE, 0xDF, 0xDF, 0xFF, 0xFF, 0xFF, 0x7F, 0xFF, 0xBF, 0x7F, 0xBF, 0xFF, 0xFF,
	0xFF, 0xBA, 0xAF, 0xB7, 0xF6, 0xA8, 0x7F, 0xFF, 0xFF, 0xFF, 0x7F, 0xFF, 0xFF, 0xFF, 0xFF, 0x7F,
	0xFF, 0xFF, 0xF7, 0xEF, 0xEF, 0xE7, 0xE5, 0x61, 0x80, 0x10, 0x4E, 0x21, 0x48, 0x70, 0x08, 0x38,
	0x28, 0x7E, 0x3B, 0xFF, 0xB7, 0x3D, 0xED, 0xFE, 0xF7, 0xFF, 0x6F, 0xAD, 0x5D, 0xFF, 0xFB, 0xF7,
	0xFF, 0xFF, 0xD7, 0xFF, 0xFE, 0xDF, 0x7B, 0xEF, 0xFF, 0xFF, 0xFE, 0xFD, 0xFF, 0xFB, 0xDF, 0x7B,
	0x96, 0xB7, 0xFA, 0xBD, 0xDD, 0xFF, 0xBB, 0xFF, 0xFE, 0xFF, 0xFE, 0xFE, 0xFF, 0xFF, 0xAD, 0xEF,
	0x55, 0xDA, 0x8A, 0xA2, 0xFF, 0xEF, 0xFF, 0xBF, 0xFF, 0xFD, 0xFB, 0xFF, 0xDF, 0xFB, 0xFF, 0xF7,
	0xFF, 0xFF, 0x7E, 0xF9, 0x36, 0x90, 0x88, 0x8A, 0x1E, 0x02, 0xD1, 0x7A, 0xC0, 0xBA, 0x82, 0xEB,
	0xFF, 0xBD, 0x5B, 0x6B, 0x5D, 0xF7, 0xFD, 0xFF, 0xFF, 0xBE, 0xAD, 0xDE, 0xDF, 0xFF, 0xFD, 0xFE,
	0xB7, 0x7B, 0xEF, 0x7F, 0x7B, 0xFF, 0x7B, 0xFF, 0xDB, 0xEF, 0xFF, 0xFF, 0x7F, 0xFF, 0xEF, 0xFD,
	0xAF, 0x7F, 0xFF, 0xDE, 0xFF, 0xFF, 0x7B, 0xFF, 0xEF, 0xFF, 0xDB, 0xBF, 0xFF, 0x7D, 0xFA, 0x55,
	0x7A, 0x05, 0xDF, 0x7F, 0xFF, 0xFD, 0xFF, 0xF7, 0xEF, 0xFE, 0xFF, 0xFF, 0xBF, 0xDF, 0xBF, 0xFF,
	0xFF, 0xFE, 0xCA, 0x44, 0x80, 0x50, 0x4C, 0x08, 0x40, 0x20, 0x60, 0x00, 0x55, 0xFF, 0xDB, 0xF7,
	0x6B, 0x5A, 0xDB, 0xD5, 0x72, 0x3F, 0xE7, 0x2D, 0xDD, 0xFB, 0xFD, 0xBF, 0x77, 0xB7, 0xFB, 0xFF,
	0xFF, 0xB7, 0xB7, 0xBF, 0xFF, 0xF7, 0xFF, 0xFF, 0xFB, 0x7F, 0xFF, 0xDF, 0xF5, 0xB7, 0xFD, 0xF7,
	0xFF, 0xFF, 0xFF, 0xEF, 0xFF, 0xFE, 0xFF, 0xF7, 0xFF, 0xFF, 0xAB, 0xAF, 0x5F, 0xEF, 0x80, 0xAB,
	0x7D, 0xFF, 0xBF, 0xFF, 0xFF, 0xBF, 0xFF, 0xEB, 0xFD, 0xFF, 0xFD, 0xFF, 0xFF, 0xBD, 0xFF, 0xFB,
	0xF7, 0x20, 0xA5, 0x09, 0x02, 0x42, 0x2A, 0x88, 0xC9, 0x55, 0x0B, 0x5E, 0xFF, 0xDF, 0xBE, 0xBE,
	0xD7, 0xAF, 0x7B, 0xDD, 0xFA, 0xF5, 0xDB, 0xFF, 0xDF, 0xF7, 0xFF, 0xFF, 0x7B, 0xEF, 0x7B, 0x5F,
	0xCF, 0xFF, 0xFF, 0xBF, 0x7F, 0xFF, 0xDF, 0xEF, 0xFB, 0x7D, 0xFB, 0xFE, 0xFA, 0xFF, 0x7F, 0xFF,
	0xFF, 0xBF, 0xFF, 0xFB, 0xFD, 0xDE, 0xFE, 0xFF, 0xBE, 0xFD, 0xF5, 0x50, 0x12, 0x07, 0xFF, 0xFF,
	0xFD, 0xFF, 0x56, 0xFF, 0xFA, 0x95, 0xFF, 0xFF, 0xFF, 0xFF, 0xFE, 0xFF, 0xF7, 0xC4, 0xF5, 0x92,
	0x00, 0x60, 0x30, 0x01, 0x80, 0x20, 0x00, 0x00, 0x47, 0xFB, 0xF6, 0xFF, 0xA9, 0x7E, 0xAF, 0x7F,
	0x9D, 0xAF, 0xFD, 0xB7, 0xDB, 0x6F, 0x37, 0x7D, 0xFF, 0xFF, 0x7B, 0xFF, 0xFE, 0xDD, 0xB7, 0xFB,
	0xDE, 0xFF, 0xFF, 0xBD, 0xFF, 0xFD, 0xDF, 0xFF, 0xFC, 0xDB, 0xD7, 0xDF, 0xF7, 0x7B, 0xEF, 0xFE,
	0xF7, 0xFF, 0xDF, 0xFF, 0xEF, 0xFF, 0x01, 0x25, 0x14, 0x00, 0x81, 0x5F, 0xFF, 0xFF, 0xFF, 0xE9,
	0x55, 0x49, 0x0B, 0x7E, 0x7F, 0xF7, 0xFF, 0xFF, 0xFB, 0xFF, 0xFF, 0x5F, 0x36, 0xC0, 0x48, 0xE8,
	0x81, 0x14, 0x25, 0x04, 0xA2, 0xD5, 0x2D, 0xEF, 0xBF, 0xFB, 0xFF, 0x3D, 0x3E, 0xFB, 0xDD, 0xEF,
	0xFF, 0xD5, 0xDB, 0xFE, 0xEF, 0xFF, 0xDD, 0xBB, 0x97, 0xFF, 0xEF, 0x5F, 0xBB, 0xDF, 0xFF, 0xFF,
	0xFB, 0xF7, 0xFF, 0x7F, 0xFF, 0xF7, 0xBF, 0x3F, 0x5F, 0xFF, 0xFF, 0xFF, 0xFE, 0xFF, 0xFF, 0xDF,
	0xFF, 0xFF, 0xBF, 0xDF, 0x00, 0x00, 0x00, 0x92, 0x28, 0xBF, 0xFF, 0xFF, 0xFF, 0xEB, 0xED, 0xB7,
	0xFD, 0xA2, 0xFF, 0xDF, 0xFF, 0xFE, 0xFF, 0xFF, 0xBF, 0xB5, 0xB9, 0x6A, 0x02, 0xE0, 0x18, 0x00,
	0x90, 0x90, 0x00, 0xC0, 0x0F, 0x7F, 0xFF, 0x6F, 0x77, 0xDD, 0x7E, 0xDF, 0x7E, 0xAF, 0xDF, 0xB7,
	0xF7, 0xFB, 0x6E, 0xDF, 0xFF, 0xFF, 0xFF, 0xBB, 0x7F, 0xF7, 0xB7, 0xFF, 0x7F, 0xFD, 0xEF, 0xFF,
	0xED, 0xFF, 0x7D, 0xDF, 0xF7, 0xC2, 0xBB, 0xFB, 0xBF, 0xFF, 0xBF, 0xFF, 0xFF, 0x7F, 0xFB, 0x76,
	0xFD, 0xFF, 0x04, 0x00, 0x40, 0x4C, 0x84, 0x7E, 0xF7, 0xFB, 0xDF, 0x9D, 0x7F, 0xFD, 0x57, 0xBE,
	0x7B, 0xFF, 0xDD, 0xDF, 0xEF, 0xF7, 0xFD, 0xBA, 0xDE, 0xB1, 0x20, 0x49, 0x3C, 0x92, 0x5A, 0x00,
	0x84, 0x55, 0x5F, 0xFD, 0xED, 0xFF, 0xFF, 0xED, 0xFE, 0xFD, 0xDD, 0xF3, 0xFF, 0xB7, 0x8B, 0x6F,
	0x9F, 0xF6, 0xFF, 0xEF, 0xFF, 0xFF, 0xFF, 0xEA, 0xD7, 0xFF, 0xFB, 0xF7, 0xFF, 0xDF, 0xBF, 0xEF,
	0xF7, 0xFE, 0xFF, 0xFF, 0xFF, 0x7F, 0xFF, 0xEF, 0xFF, 0xFB, 0xDF, 0xFE, 0xFF, 0xFF, 0xFF, 0xFF,
	0xA2, 0x54, 0x95, 0x3E, 0x69, 0xFB, 0xFF, 0xEF, 0xFE, 0xEF, 0xAA, 0xAF, 0xFD, 0xF5, 0xFF, 0xFF,
	0x7F, 0xFF, 0xD0, 0xFF, 0xFF, 0xAB, 0x3F, 0x29, 0x88, 0x90, 0x18, 0x00, 0xB9, 0x44, 0x11, 0x08,
	0x3B, 0x77, 0xBF, 0xFD, 0xDD, 0x6F, 0xFF, 0x77, 0xEE, 0xBD, 0xFF, 0xE7, 0xBD, 0xFF, 0xFF, 0xFF,
	0xED, 0xBF, 0xFD, 0xFD, 0xFD, 0xED, 0xFF, 0x77, 0xFF, 0xDF, 0xFF, 0x7F, 0xFF, 0xFD, 0xFF, 0xFF,
	0xFE, 0xFF, 0xFF, 0xFF, 0xFB, 0xBF, 0xFF, 0xEF, 0xFF, 0xFF, 0xEF, 0xFF, 0xF7, 0x7F, 0x15, 0x00,
	0x72, 0x1E, 0x23, 0xEF, 0xFF, 0xBF, 0xFF, 0xB5, 0xFF, 0xFA, 0xB7, 0x5D, 0xFF, 0xFF, 0xFF, 0xFF,
	0xAE, 0xB7, 0xEF, 0xAF, 0xB0, 0x91, 0x20, 0x00, 0x02, 0x44, 0x38, 0x10, 0x40, 0xA2, 0x6F, 0xEF,
	0xFF, 0xB7, 0xFF, 0xEF, 0xF7, 0x7F, 0xDD, 0x5D, 0xFB, 0xDF, 0xFE, 0x5F, 0xFB, 0x7F, 0xBF, 0x5E,
	0xDF, 0xFA, 0x77, 0xED, 0xFF, 0xFF, 0xFF, 0xFF, 0xBF, 0xFE, 0xFF, 0xFF, 0xFF, 0xEF, 0xDF, 0xFB,
	0xEF, 0xEE, 0xFF, 0xFE, 0xFB, 0xBF, 0xFD, 0xFB, 0xFF, 0xDF, 0xDF, 0xFF, 0x40, 0x55, 0x71, 0x5C,
	0x8F, 0xFF, 0xFF, 0xFF, 0xFB, 0x5F, 0x55, 0x5F, 0xFD, 0xD6, 0xFF, 0x7F, 0xFF, 0xFD, 0xB7, 0x15,
	0xBF, 0xDF, 0xE4, 0x12, 0x09, 0x55, 0x24, 0x0A, 0x85, 0xC0, 0x02, 0x09, 0x7D, 0xD3, 0xED, 0xFF,
	0x77, 0xEF, 0xDF, 0x7D, 0xBD, 0xD6, 0xDE, 0x5E, 0xFF, 0xD6, 0xEF, 0xED, 0xFF, 0x6F, 0xFF, 0xDB,
	0xBF, 0xB7, 0xFD, 0xFF, 0x77, 0x7F, 0xF7, 0xFB, 0xFB, 0x7F, 0xBD, 0xFE, 0xFB, 0xDF, 0xBF, 0xBF,
	0xEF, 0xFF, 0xFF, 0xFF, 0xFF, 0xEF, 0xFF, 0x7B, 0x7F, 0xDF, 0x5A, 0x80, 0x12, 0x81, 0x2F, 0x7F,
	0xEF, 0xFF, 0xDF, 0x75, 0xFF, 0xF5, 0x57, 0x5D, 0xF7, 0xFB, 0xFF, 0xF7, 0xBA, 0xDD, 0xFF, 0xCF,
	0xE8, 0x88, 0xA0, 0x10, 0x11, 0x2E, 0x49, 0xD0, 0x48, 0xC4, 0xDF, 0xBD, 0xBF, 0xFF, 0xFD, 0xB7,
	0x5F, 0xB7, 0xBB, 0xEE, 0xFF, 0xFF, 0xEF, 0xF9, 0xFF, 0xFF, 0xF7, 0x9F, 0xFB, 0x7F, 0x7F, 0xFF,
	0xDF, 0xEF, 0xFF, 0xFF, 0xFE, 0xFF, 0xEF, 0xF7, 0xF7, 0xFF, 0xFF, 0xFF, 0xFD, 0xFF, 0xFF, 0xFF,
	0xEF, 0xFF, 0x77, 0xFF, 0xBD, 0xFF, 0xFD, 0xFF, 0x04, 0x55, 0x44, 0x54, 0xBF, 0xFF, 0xFE, 0xFF,
	0x7F, 0x7F, 0x55, 0x5F, 0xFD, 0xA5, 0xFF, 0xFF, 0xFB, 0xBF, 0xAD, 0xA5, 0xFD, 0xEE, 0xC2, 0x24,
	0x35, 0xE0, 0xC0, 0x0E, 0x20, 0xC0, 0x00, 0x50, 0xF7, 0xBD, 0xFF, 0x77, 0xDF, 0xEE, 0xE7, 0xBF,
	0x4E, 0xF5, 0xFF, 0xF2, 0x71, 0x5E, 0xFE, 0xFF, 0xDF, 0xFE, 0xEF, 0xFC, 0xFF, 0xFF, 0x73, 0xBF,
	0xFF, 0xFD, 0xFF, 0xFF, 0xFF, 0xFF, 0xFF, 0xBB, 0xFF, 0x7F, 0xFF, 0xFF, 0xFF, 0x7B, 0xFF, 0xFF,
	0xFF, 0xFF, 0xFF, 0xFF, 0xFF, 0xFF, 0x52, 0x00, 0x11, 0x0A, 0xFF, 0xFF, 0x7F, 0xFF, 0xFF, 0x6D,
	0xDF, 0xF5, 0x6F, 0xDF, 0xFF, 0xEF, 0xDF, 0xFF, 0xDB, 0xF4, 0xFF, 0xFF, 0xD4, 0x00, 0x83, 0xF8,
	0xEB, 0xC9, 0x08, 0x01, 0x08, 0x25, 0xBE, 0xDB, 0xFB, 0xFE, 0xFB, 0xDD, 0xBB, 0xD6, 0xFB, 0xD5,
	0xFF, 0xED, 0x9D, 0x63, 0x6F, 0xDB, 0xFE, 0xFF, 0xFF, 0xFF, 0x8D, 0xEF, 0xED, 0xFF, 0xDF, 0xF7,
	0xBF, 0xEF, 0xBF, 0xFE, 0xFF, 0xFF, 0xDF, 0xF6, 0xEF, 0xFB, 0xBF, 0xFF, 0xFF, 0xFB, 0xFF, 0xBF,
	0xF7, 0xFF, 0xEF, 0x7F, 0x00, 0x92, 0x8B, 0xFB, 0xFB, 0xFB, 0xFF, 0xFF, 0xFD, 0x77, 0x59, 0xBF,
	0xF5, 0x5F, 0xDF, 0x7A, 0xFF, 0xFF, 0xEE, 0xB6, 0xDF, 0xFF, 0xCD, 0x48, 0x27, 0x48, 0x41, 0xC0,
	0x82, 0x48, 0x42, 0x11, 0xFF, 0xE7, 0xEF, 0xDF, 0xEF, 0xBB, 0xFD, 0xD9, 0xFF, 0xFB, 0x0F, 0xD7,
	0xEE, 0xDD, 0xBF, 0xFF, 0xFF, 0xF7, 0xFF, 0xF7, 0xB7, 0x97, 0xF5, 0xFD, 0xFD, 0xDF, 0xFB, 0xFE,
	0xFF, 0xBB, 0xFF, 0xFF, 0xFD, 0xFF, 0xFF, 0xEF, 0xFD, 0xFF, 0xBE, 0xDF, 0xFF, 0xFD, 0xDF, 0xED,
	0xBD, 0xFF, 0xFE, 0xDD, 0x7D, 0x47, 0x6F, 0xDF, 0xFF, 0xF7, 0xE5, 0xDD, 0x6B, 0xD6, 0xBF, 0xEF,
	0xFD, 0xEA, 0x9F, 0xFF, 0xF3, 0xFA, 0x7F, 0x77, 0xC2, 0x22, 0x8D, 0x81, 0x15, 0x8A, 0x51, 0x00,
	0x04, 0xA5, 0xDB, 0xBF, 0x7F, 0x7F, 0x7C, 0xB7, 0x75, 0xDF, 0xAE, 0xF4, 0xF6, 0xDD, 0xB6, 0x52,
	0xBD, 0xFF, 0x7B, 0xDF, 0xBD, 0xBF, 0xDF, 0xF7, 0xFF, 0xFF, 0xFF, 0xFF, 0xFF, 0xBF, 0xFE, 0xFF,
	0xDD, 0xF7, 0x7F, 0xFF, 0xFF, 0x7F, 0xF7, 0xFF, 0xFF, 0xFF, 0xFD, 0xFF, 0xFF, 0xBF, 0xFF, 0xFF,
	0xAB, 0x6F, 0xD6, 0x9F, 0xFF, 0xFF, 0xFB, 0xDF, 0x6E, 0xF7, 0xD6, 0xFF, 0xD5, 0xB7, 0x7F, 0xD7,
	0x6F, 0x7B, 0xFB, 0x5F, 0xF9, 0x5F, 0x50, 0x88, 0x0F, 0x20, 0x48, 0x41, 0x08, 0x00, 0x80, 0x13,
	0x7F, 0xFD, 0xFF, 0xFB, 0xFD, 0xEF, 0xFF, 0xD3, 0xFF, 0xAB, 0xB3, 0xAF, 0xF7, 0x7D, 0x5F, 0xBF,
	0xEF, 0xFE, 0xFF, 0xFF, 0xFF, 0x9E, 0xDF, 0xFF, 0xFF, 0xFF, 0xFF, 0xFF, 0xFF, 0xFF, 0xFF, 0xDF,
	0xFF, 0xBF, 0x77, 0xFF, 0xFF, 0xEE, 0xFB, 0xFF, 0xB7, 0xFF, 0xFF, 0xFF, 0xFF, 0xDF, 0xFF, 0xFA,
	0xA8, 0x3F, 0xFF, 0xFF, 0xFF, 0xFF, 0xDB, 0xBD, 0xBF, 0xB5, 0x6F, 0xEF, 0xFF, 0xDB, 0xA7, 0xFF,
	0xFD, 0xF5, 0x75, 0xAF, 0xE4, 0x41, 0x1F, 0x09, 0xFC, 0x2A, 0x84, 0x12, 0x12, 0xAB, 0xFD, 0xFF,
	0xFB, 0xFF, 0xDE, 0xBB, 0xDD, 0xDE, 0xF7, 0xA8, 0xBD, 0xDA, 0x5B, 0xFD, 0x7F, 0xFB, 0xFF, 0xFF,
	0xF7, 0xFB, 0x76, 0xEF, 0xFF, 0xF7, 0x77, 0x7F, 0xBF, 0xFF, 0xF7, 0xFF, 0xFF, 0xFF, 0xF7, 0xFB,
	0xFF, 0xFE, 0xDF, 0xFF, 0xFF, 0xFF, 0xFF, 0xEF, 0xFD, 0xFF, 0xF7, 0x7F, 0x20, 0x00, 0x41, 0xFE,
	0xFE, 0xFF, 0xDF, 0xFF, 0xB6, 0xEE, 0xAA, 0xFF, 0xD5, 0x5F, 0xFF, 0xAE, 0xFB, 0xFF, 0x1D, 0xBE,
	0xEF, 0xF7, 0xF2, 0x08, 0xFB, 0x87, 0xED, 0x00, 0x50, 0x80, 0x00, 0x13, 0xDF, 0xB7, 0xDF, 0xBD,
	0xFF, 0xEF, 0x75, 0xBF, 0xDE, 0xD7, 0xD5, 0xDB, 0xBB, 0x6E, 0xB6, 0xFF, 0xFF, 0x7F, 0xFF, 0x7F,
	0xBF, 0xFF, 0xFD, 0xBF, 0xFF, 0xFB, 0xFB, 0xF7, 0x7F, 0xF7, 0x7F, 0xFF, 0xDF, 0xFF, 0xFF, 0x7B,
	0xFF, 0xFF, 0xFF, 0xFF, 0xFF, 0xFE, 0xDF, 0xFE, 0xDF, 0xFF, 0x55, 0xB5, 0x05, 0xFB, 0xFB, 0xFE,
	0xFF, 0xFF, 0xDB, 0xB7, 0x7F, 0xAA, 0xDA, 0xBF, 0xF7, 0xB7, 0x5B, 0xEF, 0xED, 0xEA, 0xD5, 0x5A,
	0xF9, 0x43, 0xEF, 0xFF, 0x02, 0x0A, 0x01, 0xD4, 0x95, 0x4B, 0x7F, 0xFE, 0xFE, 0xF7, 0xF7, 0xBF,
	0xFD, 0x7F, 0xFF, 0xFF, 0xED, 0xD7, 0xCB, 0x7E, 0xBF, 0xEF, 0x7D, 0xF7, 0xFF, 0xEE, 0xDF, 0xFD,
	0xF7, 0xFF, 0xFF, 0xEF, 0xFF, 0xBF, 0xFF, 0xDF, 0xF6, 0xFE, 0xFF, 0xFF, 0xFD, 0xFF, 0xFF, 0x77,
	0xFF, 0xDD, 0xFF, 0xFF, 0xFF, 0xEF, 0xFF, 0xFF, 0x24, 0xA8, 0x17, 0xFF, 0xEF, 0xF7, 0xFF, 0x7D,
	0xDE, 0xFB, 0xAA, 0xFF, 0xEF, 0xFB, 0xBF, 0xBA, 0xFB, 0xFF, 0x6D, 0x7B, 0x5F, 0xEB, 0xEC, 0x0F,
	0xBF, 0xFD, 0x22, 0xA1, 0x49, 0xC0, 0x00, 0x27, 0xF6, 0xFF, 0xFF, 0xFF, 0xBE, 0xFD, 0xFA, 0xCB,
	0x7B, 0xBB, 0x6E, 0xD6, 0xEA, 0xF6, 0x7F, 0xFF, 0xEF, 0xFF, 0x7D, 0xFF, 0x6D, 0xEF, 0xDF, 0xFD,
	0xEF, 0xBF, 0xFF, 0xFF, 0xFF, 0x7F, 0xFF, 0xF7, 0xFE, 0xEF, 0xB7, 0xFF, 0xFF, 0xFF, 0xDD, 0xFF,
	0xFD, 0xDF, 0xFE, 0xFF, 0xFF, 0xFF, 0x92, 0x00, 0x5F, 0xDF, 0xFF, 0xFF, 0xFF, 0xFF, 0xCF, 0x4A,
	0xFF, 0x6A, 0xAB, 0x5F, 0xFF, 0x5F, 0xAD, 0xFF, 0xBB, 0xD9, 0x75, 0x1B, 0xFF, 0xFD, 0xFE, 0xEC,
	0x88, 0x08, 0x10, 0x10, 0x09, 0xAB, 0x7F, 0xEF, 0xB7, 0xDF, 0xFB, 0xFF, 0xBF, 0xB7, 0x9F, 0xFF,
	0xEA, 0xEF, 0xEE, 0xDE, 0xF7, 0x7D, 0xFF, 0xFF, 0xEA, 0xFF, 0x5F, 0xBF, 0xFF, 0xFF, 0xFE, 0xFF,
	0xBD, 0xFF, 0xFB, 0xFF, 0xFF, 0xFF, 0xFF, 0xFE, 0xFF, 0xFF, 0xFB, 0xFF, 0x7F, 0xFF, 0xDF, 0xFF,
	0xFB, 0xFF, 0xF6, 0xDF, 0x00, 0x01, 0xFF, 0xFF, 0xFF, 0xFF, 0xFF, 0xFF, 0xF1, 0x7D, 0x55, 0xFF,
	0xF5, 0x4F, 0xFF, 0xA5, 0xFB, 0xDD, 0xA9, 0xEF, 0xDF, 0x6D, 0xFF, 0xF7, 0xFF, 0xF0, 0x30, 0x02,
	0x82, 0x04, 0x84, 0x97, 0xEF, 0xBD, 0xFE, 0xFE, 0xED, 0xEF, 0xF7, 0xB7, 0x6E, 0xED, 0xAE, 0xF7,
	0x69, 0xFF, 0xDF, 0xF7, 0xFF, 0xBB, 0xFB, 0x7B, 0xFF, 0xFE, 0xFF, 0xDF, 0xBF, 0xFF, 0xF7, 0xFB,
	0xBF, 0xFF, 0xFF, 0xDF, 0xFF, 0xFF, 0xFF, 0xEF, 0xBF, 0xFF, 0xFF, 0xFF, 0x7F, 0xFD, 0xDF, 0xFB,
	0x7F, 0xFF, 0x20, 0x0B, 0xFE, 0xFE, 0xFF, 0xDF, 0xF7, 0xEF, 0xFE, 0xF2, 0xBF, 0x52, 0xBF, 0xD7,
	0xFB, 0xBA, 0xAD, 0xFE, 0x9E, 0xBA, 0xF5, 0x72, 0xBF, 0xDF, 0xF0, 0x79, 0x72, 0x49, 0x48, 0x80,
	0x12, 0x43, 0xBD, 0xFF, 0xFF, 0xF1, 0xDE, 0xFD, 0xDE, 0xDF, 0x6F, 0xFF, 0xEF, 0x77, 0xE7, 0xFB,
	0xFF, 0xFF, 0xBB, 0xFF, 0xFD, 0xEF, 0xFF, 0xFF, 0xFF, 0x7E, 0xFF, 0xFE, 0xFF, 0xEF, 0xFF, 0xFE,
	0xEF, 0x7F, 0xEF, 0x7F, 0xFF, 0xFE, 0xFF, 0xDD, 0xFF, 0xDD, 0xFF, 0xFF, 0xFF, 0xDF, 0xFF, 0xFF,
	0x00, 0x5F, 0xB7, 0xFB, 0xEF, 0x7F, 0xBF, 0xBF, 0x7D, 0x35, 0x55, 0xED, 0xD5, 0x5B, 0xBF, 0xBE,
	0xFB, 0xFD, 0xEE, 0xEF, 0xAF, 0x75, 0x4E, 0xFF, 0xAF, 0xBC, 0x38, 0x00, 0x02, 0x24, 0x01, 0x16,
	0xFF, 0xFB, 0xB7, 0xEE, 0xDF, 0x77, 0xFF, 0xFF, 0xBF, 0x6F, 0x5B, 0x77, 0xEF, 0xBF, 0x7D, 0xBF,
	0xFF, 0xFF, 0x7F, 0xFF, 0xF6, 0xFB, 0xEF, 0xFF, 0xFD, 0xFB, 0xFF, 0xFF, 0xFF, 0xF7, 0xFF, 0xFF,
	0x7F, 0xF7, 0xFF, 0xFF, 0xFF, 0x7F, 0xFB, 0xFF, 0xFB, 0x77, 0xFF, 0xFF, 0xEF, 0xFF, 0x02, 0xFF,
	0xFF, 0xEF, 0xFF, 0xFE, 0xFF, 0xFF, 0xFB, 0xCF, 0xFF, 0x5E, 0x7F, 0xEE, 0x6F, 0xFF, 0x5D, 0xFB,
	0xF6, 0xFB, 0xE4, 0xF7, 0x4F, 0xFE, 0xED, 0xCE, 0x28, 0x0A, 0xA1, 0x01, 0x28, 0x93, 0xFF, 0xDF,
	0xFF, 0x6F, 0xDF, 0x7F, 0xBB, 0xF7, 0xF7, 0xFD, 0xDD, 0xBA, 0xBE, 0xFF, 0xFF, 0xF6, 0xFF, 0xBB,
	0xFF, 0xFF, 0xDF, 0xFF, 0xFF, 0xFB, 0xF7, 0xEF, 0xFF, 0xFF, 0x76, 0xFF, 0xFD, 0xFF, 0xFF, 0xFF,
	0xFD, 0xDF, 0xFD, 0xFF, 0xFF, 0xFF, 0xFF, 0xFF, 0xFE, 0xFF, 0xFE, 0xFF, 0x2F, 0xFD, 0xFD, 0xFF,
	0xFF, 0xFF, 0xFF, 0xFF, 0xFD, 0x5A, 0xAB, 0xF7, 0x6A, 0xB5, 0xFD, 0xF6, 0xEB, 0xBB, 0xF6, 0xBE,
	0xBB, 0xCC, 0xBF, 0xFB, 0xFD, 0xEE, 0x01, 0x22, 0x92, 0x48, 0x02, 0x4B, 0xEE, 0xFF, 0xFF, 0xF5,
	0xEE, 0xFF, 0xFF, 0xDE, 0xFE, 0xF7, 0xB7, 0x58, 0xAF, 0xF7, 0xEF, 0xFF, 0xEE, 0xFF, 0xEF, 0x7F,
	0xFF, 0xDF, 0xFD, 0xFF, 0xFF, 0xFF, 0xFF, 0x7F, 0xFF, 0xFF, 0xFF, 0xFD, 0xFD, 0xFF, 0x6F, 0xFF,
	0xF7, 0xFF, 0xDF, 0xBF, 0xFF, 0xFF, 0xBB, 0xFB, 0x7F, 0xDF, 0xFF, 0xDF, 0x85, 0x2F, 0xFB, 0xBF,
	0xFD, 0xFB, 0xF6, 0xF7, 0xFD, 0x5B, 0xBF, 0xFA, 0xF2, 0x7F, 0x7B, 0xFD, 0xFD, 0xEB, 0xE6, 0xB3,
	0xFE, 0xEF, 0xFE, 0xF6, 0x48, 0x48, 0x49, 0x00, 0x22, 0x97, 0x7F, 0xFB, 0x7B, 0xFB, 0xEA, 0xED,
	0xFF, 0x7F, 0x9B, 0xDF, 0xB4, 0xD7, 0xD7, 0xDF, 0x7D, 0x7F, 0xFF, 0xFF, 0xFF, 0xEE, 0xFF, 0xFF,
	0x77, 0xDF, 0xDF, 0xBF, 0xDB, 0xFB, 0xFF, 0xFF, 0xBF, 0xF7, 0xFF, 0xEF, 0xFF, 0xFD, 0xFF, 0xFD,
	0xFF, 0xFF, 0xBD, 0xFE, 0xFF, 0xEF, 0xFF, 0xFF, 0xFE, 0xFD, 0x7F, 0xD7, 0xBF, 0x8F, 0xF7, 0xEF,
	0xBF, 0x7D, 0x57, 0xFD, 0xAA, 0xAF, 0x57, 0x7F, 0x5B, 0xFF, 0xC3, 0x7E, 0xDA, 0xF7, 0xFB, 0xFF,
	0xEE, 0xEE, 0x03, 0xF2, 0x04, 0x4A, 0x09, 0x4B, 0xFB, 0xDF, 0xEF, 0xDF, 0x7B, 0xFF, 0xDB, 0xFD,
	0x6F, 0xFF, 0x57, 0x7D, 0x71, 0xFD, 0xFF, 0x5B, 0xDF, 0xFD, 0xBD, 0xFF, 0xFE, 0xFD, 0xFF, 0xFF,
	0xFF, 0xFF, 0xFF, 0xFF, 0xFF, 0xDD, 0xFF, 0xDF, 0xFF, 0xFF, 0xFF, 0xFF, 0xDF, 0xF7, 0xFE, 0xFD,
	0xFF, 0xDF, 0xFF, 0xFF, 0xF7, 0xFF, 0xFF, 0xF5, 0xB5, 0x7B, 0xFF, 0xF6, 0xDF, 0xFF, 0xEF, 0xAF,
	0xFD, 0x57, 0x9F, 0xFB, 0xAB, 0xBF, 0x77, 0xFF, 0xF7, 0xD7, 0xFF, 0xCC, 0x5F, 0xFF, 0xB7, 0x6C,
	0x03, 0xB9, 0x41, 0x00, 0x42, 0x27, 0xBF, 0x7F, 0xFF, 0x7F, 0xFF, 0xFF, 0xFF, 0xF7, 0x77, 0xF4,
	0xBF, 0x97, 0xDE, 0xEF, 0xFD, 0xDF, 0x7F, 0xEF, 0xFF, 0xFF, 0xFB, 0xF7, 0xFF, 0xFE, 0xFD, 0xFD,
	0xFF, 0xEF, 0xB6, 0xFF, 0xF7, 0x7F, 0xEF, 0xBF, 0xFF, 0x7F, 0xFF, 0xFF, 0xFF, 0xFF, 0xFF, 0xFB,
	0xFF, 0x7F, 0xDE, 0xFF, 0xFB, 0xEB, 0x7F, 0xDC, 0xFF, 0x9B, 0xAF, 0xFF, 0xF3, 0xBA, 0xAF, 0xFA,
	0xE5, 0x6D, 0xEA, 0xF6, 0xD7, 0x6E, 0xF5, 0x7C, 0x95, 0x3B, 0xAF, 0xE9, 0xF7, 0x39, 0x27, 0xFC,
	0x3E, 0xF1, 0x09, 0x96, 0xFF, 0xFD, 0xFF, 0xFD, 0xFF, 0xBD, 0xFF, 0xDF, 0xAE, 0xD2, 0xA8, 0xED,
	0x56, 0xFF, 0xDE, 0xDF, 0xFD, 0xBF, 0xFF, 0xFF, 0xDF, 0xFF, 0xFF, 0x7B, 0xFF, 0xEF, 0xFF, 0xBF,
	0xFF, 0xFF, 0xFF, 0xFF, 0xFE, 0xFE, 0xFB, 0xF7, 0xFF, 0xDF, 0xEF, 0xFF, 0xF7, 0xFF, 0xF7, 0xFE,
	0xFF, 0xDF, 0xFF, 0xDD, 0xD5, 0x76, 0xF7, 0xEA, 0x73, 0xDF, 0x79, 0x6F, 0xFA, 0xAE, 0xFA, 0xB6,
	0xAD, 0x76, 0xEF, 0xFF, 0xFB, 0xD3, 0xEA, 0xE6, 0xF7, 0xAA, 0x7A, 0xA4, 0x0F, 0x2F, 0xFF, 0xFC,
	0x24, 0x97, 0xED, 0xF7, 0xDD, 0xF7, 0xDD, 0xF7, 0xB6, 0xFF, 0xFA, 0x7B, 0xDF, 0x6D, 0xE9, 0x7F,
	0x7E, 0xBF, 0xFF, 0xFF, 0xEF, 0xBB, 0xFF, 0xDF, 0xDD, 0xFF, 0xEF, 0xBF, 0xB7, 0xFE, 0xFF, 0xFB,
	0xFF, 0xFF, 0xBF, 0xFF, 0xEF, 0xFF, 0xFE, 0xFF, 0xFF, 0xEF, 0xDF, 0x7F, 0xDF, 0xF7, 0xFF, 0xFF,
	0xEF, 0x37, 0x7F, 0xDF, 0x3E, 0xBD, 0xBD, 0x7F, 0xFF, 0xBA, 0xAF, 0xF9, 0xFF, 0x5B, 0xEF, 0xF7,
	0x6F, 0xFF, 0xFD, 0xDF, 0xBF, 0xFB, 0x5B, 0xDF, 0xBB, 0xBE, 0xBE, 0xA3, 0xDF, 0x0F, 0x02, 0x47,
	0x7F, 0xDF, 0xFD, 0x7F, 0xFF, 0xFF, 0xFF, 0xFF, 0xF7, 0xB9, 0x7F, 0xAB, 0x76, 0xDD, 0xFB, 0xFB,
	0xF7, 0xFF, 0xBE, 0xFF, 0xFF, 0x7F, 0xFF, 0xFF, 0xFF, 0xFF, 0xFF, 0xFF, 0xFE, 0xEF, 0xBD, 0xFF,
	0xFF, 0xFF, 0xFF, 0xFF, 0x7B, 0xFF, 0xBE, 0xFF, 0x7F, 0xFF, 0xFF, 0xBF, 0xFE, 0xFF, 0xFF, 0x7D,
	0xAA, 0xF5, 0xBF, 0xA5, 0xD5, 0x5D, 0xFB, 0x6F, 0xFA, 0xAB, 0xDD, 0xEE, 0xB7, 0xEF, 0x9F, 0x15,
	0x7A, 0x5F, 0x2F, 0xE5, 0x69, 0xD5, 0xBB, 0xFF, 0xFC, 0xBD, 0x74, 0x07, 0x29, 0x2D, 0xF7, 0x7F,
	0x7B, 0x7F, 0xFF, 0xFF, 0xFF, 0xFB, 0x1B, 0xBF, 0xF7, 0xAB, 0xDB, 0x7F, 0xFF, 0xEF, 0x7F, 0xFD,
	0xFF, 0xFF, 0xBD, 0xFE, 0xFF, 0xEF, 0xFE, 0xFF, 0xFE, 0xFB, 0xF7, 0xFF, 0xFF, 0xFB, 0xFF, 0xF7,
	0xFF, 0xFF, 0xFF, 0xFF, 0xFF, 0xFF, 0xFF, 0xF7, 0x7E, 0xFF, 0xEF, 0xFF, 0xFE, 0xD7, 0xFF, 0x5F,
	0xDF, 0xB6, 0xBD, 0xDC, 0xF7, 0xB5, 0x5F, 0xF7, 0xFE, 0xF7, 0xE9, 0x1F, 0xDE, 0xEA, 0xB2, 0xFB,
	0xD3, 0xBF, 0x3D, 0xDE, 0xDB, 0xFF, 0xF3, 0x55, 0xEA, 0xA1, 0x84, 0x97, 0xDF, 0xFF, 0xEB, 0x77,
	0x77, 0x6F, 0x7F, 0xBF, 0x6B, 0x7F, 0x5F, 0x77, 0xFD, 0x7F, 0xDF, 0xBF, 0xFF, 0xF7, 0xFF, 0xFE,
	0xFF, 0xFF, 0xF7, 0xFF, 0x7B, 0xFD, 0xFF, 0xEF, 0xFF, 0xFF, 0xFF, 0xEF, 0xFB, 0xDF, 0x7F, 0xBB,
	0xFF, 0xFF, 0xFF, 0xFF, 0xFF, 0xDF, 0xFF, 0xFE, 0xFF, 0xDF, 0xFD, 0x7D, 0x55, 0xF5, 0x6D, 0x5A,
	0xEA, 0xAF, 0x27, 0xDF, 0xEA, 0x9F, 0xFF, 0x75, 0x7E, 0xBF, 0xEE, 0xDF, 0xBB, 0xFF, 0xED, 0xFC,
	0xEE, 0xEB, 0x5B, 0xF6, 0xED, 0xDD, 0xD8, 0x09, 0x21, 0x2D, 0xFF, 0xF7, 0xFD, 0xDF, 0xFF, 0xFF,
	0xF6, 0xBE, 0xDD, 0xF7, 0xFD, 0xD6, 0xFD, 0x77, 0xFD, 0xFF, 0xDD, 0xBF, 0xFF, 0xFB, 0xFF, 0xFB,
	0xFF, 0x7F, 0xFF, 0xF7, 0xBB, 0xFF, 0xDF, 0xFF, 0xF7, 0xBF, 0xDF, 0xFF, 0xFE, 0xFF, 0xEF, 0xFD,
	0xFB, 0xF7, 0xFE, 0xFF, 0xFF, 0xFB, 0xFD, 0xFF, 0xFB, 0xD7, 0xFE, 0xBF, 0xE7, 0x5C, 0xBB, 0x5D,
	0x03, 0x65, 0xBD, 0x5E, 0xEF, 0xB7, 0xD3, 0xFF, 0xEE, 0xF5, 0xBB, 0xF3, 0xED, 0xFB, 0xB5, 0xDD,
	0xAF, 0xDF, 0xD6, 0xAA, 0xE9, 0x01, 0x8A, 0x8F, 0x76, 0xDE, 0xFF, 0xFF, 0xDF, 0xFD, 0xFF, 0x4F,
	0x5F, 0xDF, 0xFF, 0x2F, 0xDB, 0x7E, 0x3F, 0xF7, 0x7F, 0xFF, 0xFB, 0xBF, 0xFB, 0xEF, 0xDF, 0xFD,
	0xFF, 0xFF, 0xFF, 0xFF, 0xFF, 0xBD, 0xDF, 0xFF, 0xFF, 0xFF, 0xF7, 0xFF, 0xBF, 0xDF, 0xEF, 0xBF,
	0xFB, 0xFF, 0xF7, 0xFF, 0xDF, 0xFF, 0xFA, 0xFA, 0xA7, 0xD5, 0x74, 0xBF, 0x6B, 0x6C, 0x50, 0x2A,
	0x8D, 0xD7, 0xFF, 0xAD, 0x6A, 0x7D, 0xF6, 0xBE, 0xBA, 0xF7, 0x6D, 0xF5, 0x6E, 0xD6, 0xC7, 0xFF,
	0xD7, 0x6D, 0xF4, 0x25, 0x21, 0x57, 0xFF, 0xFF, 0xDF, 0xFD, 0xFD, 0xB7, 0xFE, 0xFF, 0xFF, 0x7D,
	0xB6, 0x3F, 0xF9, 0xFE, 0xDB, 0xF1, 0xFF, 0xFF, 0xEF, 0xFF, 0xFF, 0xBF, 0xFF, 0xFF, 0xDF, 0xBF,
	0xFF, 0xBF, 0x7E, 0xFF, 0xFF, 0xFF, 0xFF, 0xFF, 0xFF, 0xFF, 0xFE, 0xFF, 0xFF, 0xFF, 0x7F, 0xFF,
	0x7F, 0x7F, 0xFF, 0x5F, 0xF7, 0xAF, 0xD4, 0xFF, 0xBB, 0x77, 0x17, 0x5C, 0x02, 0x7E, 0xFE, 0xF7,
	0x3D, 0x9B, 0xED, 0xF7, 0x6D, 0xEA, 0xB7, 0x6F, 0xDB, 0xD7, 0xBA, 0xDB, 0xD7, 0x7F, 0xAD, 0xAD,
	0xD9, 0x01, 0x14, 0x2D, 0xDF, 0xFF, 0xFE, 0xDF, 0xFF, 0xFF, 0xB7, 0x5B, 0xFD, 0xFF, 0xFF, 0xFB,
	0x7B, 0xDA, 0xEF, 0xAF, 0xFF, 0xFF, 0x7F, 0xFF, 0xEF, 0xFF, 0xFD, 0xEF, 0xFB, 0xFF, 0xFF, 0xFD,
	0xFB, 0xFF, 0xFF, 0xFE, 0xFF, 0x7B, 0xBF, 0xF7, 0xFF, 0xFF, 0xBF, 0xFF, 0xFF, 0xFD, 0xFF, 0xF7,
	0xF7, 0xDF, 0xF5, 0x5A, 0xFE, 0x2A, 0xEC, 0x91, 0x6A, 0xB8, 0x90, 0x1F, 0x94, 0x5B, 0xC7, 0xFE,
	0xB7, 0xFF, 0x5D, 0xB5, 0xB7, 0x6F, 0x97, 0xF6, 0xDD, 0xDE, 0x37, 0xFD, 0xDA, 0x2B, 0xFC, 0x80,
	0x0A, 0x9F, 0xFB, 0x5B, 0x7B, 0xFF, 0xB5, 0xFF, 0xFF, 0xFF, 0xB7, 0xB7, 0xFF, 0xBF, 0xFF, 0xFF,
	0x5F, 0xF5, 0xF7, 0xF7, 0xFF, 0xF7, 0xBF, 0xFF, 0xFF, 0xFF, 0xFF, 0xFD, 0xDB, 0xFF, 0xFF, 0xF7,
	0xFD, 0xFB, 0xF7, 0xFF, 0xFF, 0xFF, 0xFF, 0xFF, 0xFF, 0xFD, 0xF7, 0xF7, 0xFF, 0xFF, 0x7F, 0x7F,
	0xEA, 0xEF, 0xAB, 0x9F, 0xB7, 0xB7, 0xB5, 0xA8, 0x00, 0xA2, 0x7F, 0x7B, 0x3B, 0xAB, 0xF9, 0xBF,
	0x7A, 0xD7, 0x4E, 0xEF, 0xFF, 0xF4, 0x05, 0xA1, 0xFF, 0xEF, 0xD7, 0xD7, 0xFE, 0x08, 0x40, 0x57,
	0x7F, 0x6F, 0xFF, 0xFD, 0xF6, 0x76, 0xFF, 0x7E, 0xFE, 0xDF, 0x6D, 0xFF, 0xEF, 0x7F, 0xBE, 0xFB,
	0xBE, 0xDF, 0xFF, 0xBF, 0xFF, 0xFE, 0xDF, 0xBF, 0xFF, 0xF7, 0xFF, 0xEF, 0xFF, 0xFF, 0x77, 0xDF,
	0xFF, 0xFF, 0xFE, 0xFE, 0xEF, 0xFB, 0xFF, 0xEF, 0xFF, 0xDF, 0xF7, 0xBF, 0xFA, 0xFF, 0xEF, 0xEA,
	0xF5, 0xE5, 0xDB, 0x58, 0x2D, 0xDE, 0xA8, 0x29, 0x36, 0xAD, 0xEB, 0x7E, 0xAE, 0x7F, 0xA7, 0x6E,
	0x01, 0x5F, 0x7F, 0xB0, 0x23, 0x5F, 0xFF, 0xE7, 0xCF, 0xFE, 0x0F, 0x40, 0x15, 0x5D, 0xFF, 0x6F,
	0xFB, 0xEF, 0xFF, 0xFF, 0xDA, 0x93, 0xFE, 0xEF, 0xFF, 0xDB, 0x7F, 0xF6, 0xFF, 0xFF, 0xFF, 0xFF,
	0xFD, 0xFF, 0xFE, 0xF7, 0xFD, 0xFD, 0xBE, 0xDF, 0xFF, 0xBF, 0xDF, 0xFF, 0xFF, 0xFF, 0xFF, 0xEF,
	0xF7, 0xFF, 0xFE, 0xFF, 0xFD, 0xBF, 0xFF, 0xFF, 0xFE, 0xFD, 0xEE, 0xFF, 0xFF, 0xDF, 0x4F, 0xFB,
	0x5D, 0x6F, 0xD3, 0x77, 0x00, 0x96, 0xDD, 0xB5, 0x5D, 0x57, 0xF7, 0xBB, 0xDB, 0xEE, 0x45, 0xC7,
	0xF0, 0xF8, 0x00, 0xBF, 0xD0, 0xF7, 0xDD, 0x9C, 0xA3, 0x84, 0x40, 0x1F, 0xE3, 0x9F, 0x65, 0xBF,
	0xF2, 0xDF, 0xFE, 0xF5, 0xFB, 0xEE, 0xFF, 0x7F, 0xFD, 0xFF, 0xFB, 0xDF, 0xFF, 0xFF, 0x77, 0xFF,
	0xFF, 0xDF, 0xFF, 0xFF, 0xFB, 0xFF, 0xFE, 0xFF, 0x7D, 0xBB, 0xFF, 0xFF, 0xDF, 0x7F, 0x7F, 0xDB,
	0xFF, 0xEF, 0xBF, 0xFF, 0xFE, 0xFF, 0xFF, 0xF7, 0xFB, 0xFF, 0xFF, 0xDB, 0xFF, 0xFD, 0xE5, 0xD2,
	0x5E, 0xDB, 0xE0, 0x49, 0x2E, 0xBD, 0xB7, 0x7A, 0xAA, 0xBF, 0xFD, 0x5E, 0x00, 0x0B, 0xE0, 0x7A,
	0x88, 0x7E, 0xCE, 0x7F, 0x6E, 0x79, 0x09, 0x81, 0x0A, 0xB7, 0x5D, 0xFD, 0xFE, 0xFF, 0x7D, 0xFE,
	0xFE, 0xD6, 0xEE, 0x5F, 0xED, 0xFF, 0xEF, 0xDF, 0xFF, 0xFE, 0xED, 0xFF, 0xFF, 0xFD, 0xF7, 0xFF,
	0xFF, 0xFF, 0xFF, 0xFF, 0xBB, 0xFF, 0xFF, 0xFF, 0xDF, 0xFF, 0xFD, 0xFF, 0xFF, 0xFF, 0xFF, 0xFF,
	0xFF, 0xFF, 0xDF, 0xFF, 0xBF, 0xFF, 0xB7, 0xFF, 0xFD, 0xDD, 0x5F, 0xFE, 0xBF, 0x7F, 0xB7, 0x6C,
	0x72, 0x94, 0x9A, 0x0B, 0x92, 0xDF, 0xEB, 0xBF, 0xFD, 0xEE, 0xA1, 0x21, 0xE4, 0x3C, 0x06, 0x77,
	0xF3, 0xB7, 0xFF, 0xE0, 0xA5, 0xA4, 0x00, 0xBD, 0xED, 0xF7, 0xED, 0xFD, 0xFF, 0xFB, 0xEF, 0x5B,
	0xFF, 0xBE, 0x7F, 0xF7, 0xBF, 0xFF, 0xDF, 0xFB, 0xFF, 0xFB, 0xFF, 0xF7, 0xDF, 0xFF, 0xB7, 0xEF,
	0xEF, 0xFE, 0xFF, 0xFD, 0xFF, 0xFF, 0xFE, 0xEE, 0xFF, 0xFF, 0xFF, 0xFF, 0xEF, 0xFF, 0xF7, 0xFF,
	0xFF, 0xFB, 0xFB, 0xBF, 0xEF, 0xFF, 0xFF, 0xDF, 0xBE, 0xDE, 0xEA, 0xDA, 0xFB, 0xF9, 0x30, 0x4A,
	0xAC, 0xAB, 0x69, 0xEA, 0xAA, 0x7C, 0xBE, 0xAE, 0x08, 0x05, 0xC0, 0xB8, 0x2F, 0x7F, 0xFC, 0xB7,
	0xFC, 0x02, 0x11, 0x80, 0x2A, 0x2F, 0xED, 0xFF, 0xF3, 0xEF, 0xDF, 0xBF, 0xFF, 0xFF, 0xFF, 0xFD,
	0xBF, 0xDF, 0xFE, 0xFB, 0x7E, 0xEF, 0xFF, 0xBF, 0xDF, 0xDF, 0xFF, 0xFE, 0xFF, 0x7D, 0xBF, 0xDB,
	0xFF, 0xFF, 0xF7, 0xEE, 0xFF, 0xFF, 0xFF, 0xFB, 0xEE, 0xFF, 0xBE, 0xFE, 0xFF, 0xFE, 0xFD, 0xEF,
	0xFF, 0xFF, 0xDF, 0xFF, 0xFF, 0xD5, 0x7B, 0xFB, 0x7F, 0xFF, 0xAD, 0x50, 0x10, 0x92, 0xB0, 0x07,
	0x66, 0xBF, 0xED, 0xF3, 0x5E, 0xEE, 0x44, 0xA1, 0xC0, 0x39, 0x04, 0x3C, 0x1E, 0xB7, 0x57, 0x08,
	0xA5, 0xA2, 0x05, 0x5F, 0xB7, 0xBF, 0x7F, 0x7F, 0xFB, 0xFF, 0xBD, 0xFE, 0xDF, 0x5D, 0xBB, 0xFE,
	0xFB, 0xEF, 0xFF, 0xFF, 0xDE, 0xFF, 0x7E, 0xFF, 0xFF, 0x7B, 0xFF, 0xFF, 0xFF, 0x7F, 0xFF, 0xEF,
	0xFF, 0x7F, 0xFB, 0xFF, 0xF7, 0xFF, 0xBF, 0xFF, 0xFF, 0xF7, 0xFF, 0x77, 0xFF, 0xFF, 0xFF, 0xF6,
	0xBF, 0xFF, 0xF7, 0xDF, 0x7F, 0x9D, 0x5A, 0xA2, 0xF7, 0xEA, 0x50, 0x09, 0x52, 0x3C, 0xBE, 0xEA,
	0xAF, 0xEF, 0xDE, 0xAE, 0x0E, 0x01, 0xD2, 0x30, 0x00, 0x7B, 0xE7, 0x6E, 0x57, 0xA2, 0x41, 0x08,
	0x42, 0x3B, 0xFF, 0xF7, 0xFF, 0xFF, 0x7F, 0xED, 0xFF, 0xDF, 0xFA, 0xDE, 0xFF, 0x7F, 0xFF, 0xFF,
	0xFB, 0xFF, 0xFB, 0xFB, 0xFF, 0xFF, 0xFD, 0xFF, 0xFF, 0xFF, 0xFF, 0xFF, 0xF7, 0x7F, 0xDF, 0xFF,
	0xFF, 0xFB, 0xDF, 0xDF, 0xFF, 0xED, 0xFF, 0xDF, 0xFF, 0xFF, 0xF7, 0xFF, 0xDD, 0xDF, 0xBF, 0xFF,
	0xFF, 0xEB, 0x7F, 0xEF, 0x6F, 0xBF, 0x3D, 0x6C, 0x11, 0x55, 0x40, 0x80, 0x4E, 0xDF, 0xF3, 0xAA,
	0xEE, 0xEE, 0xA4, 0x11, 0x88, 0xE4, 0x11, 0x72, 0xBB, 0x1E, 0xE1, 0x81, 0x28, 0x41, 0x13, 0x5F,
	0x7E, 0xFE, 0xDB, 0xDB, 0xF7, 0x7F, 0xFF, 0x7F, 0xFE, 0xEE, 0x3F, 0xF7, 0xDF, 0xBF, 0xEF, 0xBE,
	0xFF, 0xFF, 0xFF, 0xFF, 0x77, 0xFF, 0xFD, 0xF7, 0xFB, 0xFF, 0xBF, 0xFE, 0xFF, 0xFF, 0xDF, 0xDF,
	0xFF, 0x7F, 0xFF, 0xFF, 0xFB, 0xFF, 0xEF, 0xFF, 0xFF, 0xBF, 0x7F, 0xFE, 0xFF, 0xFF, 0xFF, 0xEE,
	0xFD, 0xF5, 0xBA, 0xBF, 0xAF, 0xAE, 0x40, 0x00, 0x96, 0x12, 0x33, 0x75, 0x5A, 0x5F, 0x5E, 0xAE,
	0x11, 0x41, 0xA0, 0x02, 0x04, 0x60, 0x6B, 0x7D, 0x4A, 0xD0, 0x20, 0x94, 0x04, 0x3D, 0xF7, 0xEF,
	0xFF, 0x7F, 0xFF, 0xFF, 0x37, 0xFB, 0xBE, 0xED, 0xDB, 0xFF, 0xFD, 0xFE, 0xFF, 0xFB, 0xEF, 0xEF,
	0xF7, 0xFB, 0xFF, 0xFF, 0xF7, 0xDF, 0xDF, 0xF7, 0xFF, 0xFF, 0xFE, 0xF6, 0xFF, 0xFF, 0xFF, 0xFE,
	0xFD, 0xFF, 0xDF, 0xFF, 0xBE, 0xFF, 0xBF, 0xFD, 0xFF, 0xFE, 0xFF, 0xBF, 0xFF, 0x76, 0xF7, 0xF2,
	0xDE, 0xF5, 0xAA, 0xF7, 0x04, 0xAA, 0x47, 0x21, 0x3B, 0xBF, 0xFB, 0xB6, 0xCE, 0xF7, 0x44, 0x17,
	0x08, 0x09, 0x81, 0xC9, 0x1B, 0xFD, 0xE1, 0x85, 0x48, 0x00, 0x22, 0xB7, 0xFF, 0xBD, 0xFF, 0xFF,
	0x7F, 0xEE, 0xDD, 0xFF, 0xF7, 0x5D, 0xEF, 0x7E, 0xFF, 0xFB, 0xFE, 0xFF, 0xFF, 0xBF, 0x7E, 0xEF,
	0xFF, 0xEE, 0xFF, 0xFF, 0x7F, 0xBF, 0xFF, 0xDF, 0xFB, 0xFF, 0xFE, 0xFF, 0x7F, 0xFF, 0xF7, 0xDF,
	0xFF, 0xFF, 0xFF, 0xF7, 0xFF, 0xFF, 0xFF, 0x79, 0xFF, 0xFF, 0xFD, 0xF6, 0xE4, 0xF7, 0x61, 0xEA,
	0xB7, 0xAF, 0xC0, 0x01, 0x07, 0x04, 0x15, 0xAA, 0xAB, 0xBE, 0x7D, 0xAE, 0x00, 0x45, 0x40, 0x43,
	0x12, 0x90, 0x2D, 0xFA, 0xAA, 0x90, 0x21, 0x64, 0x08, 0x3F, 0xBE, 0xFF, 0xDB, 0xFD, 0xED, 0xBE,
	0xEA, 0xFF, 0xFF, 0xFB, 0xEF, 0xEF, 0xF7, 0xDF, 0xFB, 0xEF, 0xDE, 0xFD, 0xFF, 0xFF, 0xFF, 0xFF,
	0xFF, 0xFF, 0xFF, 0xFF, 0x7B, 0x7D, 0xEF, 0xFF, 0xFB, 0xFF, 0xFD, 0xFB, 0xFF, 0xFE, 0xFF, 0x7B,
	0xFF, 0xFF, 0xFB, 0xEF, 0xFB, 0xFB, 0xFF, 0xFF, 0xF7, 0xFA, 0xDB, 0x35, 0x7F, 0xDF, 0x39, 0xEF,
	0xE0, 0xA9, 0x52, 0x00, 0xBB, 0xDF, 0xFB, 0xB6, 0xFA, 0xF7, 0x52, 0x20, 0x6A, 0x04, 0x40, 0x04,
	0x1A, 0x5D, 0xE9, 0x00, 0x94, 0x21, 0x23, 0x3E, 0xF7, 0xFF, 0x7F, 0xDF, 0xFF, 0xFE, 0xDF, 0x6D,
	0xBF, 0x7D, 0xDF, 0xFF, 0xDF, 0x7F, 0xBF, 0xFF, 0xFF, 0xFF, 0xFB, 0xFF, 0xB7, 0xBF, 0xDF, 0xFF,
	0xFD, 0xFF, 0xFF, 0xFF, 0xFF, 0xFF, 0xEF, 0xF7, 0xF7, 0xFF, 0xFF, 0xFF, 0xFF, 0xFF, 0xFF, 0xDE,
	0xEF, 0x7F, 0xEF, 0xE7, 0xFD, 0xFF, 0xFF, 0xFD, 0xCD, 0xAF, 0xBF, 0xEB, 0xEE, 0xB7, 0x64, 0x09,
	0x00, 0x52, 0x4D, 0xD5, 0x57, 0xBB, 0x2B, 0xB7, 0x80, 0x01, 0x20, 0x40, 0x81, 0x20, 0x0B, 0xA6,
	0x5D, 0x52, 0x48, 0x90, 0x10, 0x97, 0xFF, 0xED, 0xFE, 0xFF, 0xBF, 0xFB, 0x57, 0x5F, 0xE3, 0xEE,
	0xBD, 0xFB, 0xFF, 0xFE, 0xFF, 0xFF, 0x7F, 0xFF, 0xEF, 0xEF, 0xFF, 0xFF, 0xFE, 0xED, 0xF7, 0xEF,
	0xEF, 0xFF, 0xFF, 0xDD, 0xFF, 0xFF, 0xFF, 0xEF, 0xDF, 0xFF, 0xF7, 0xFF, 0xF7, 0x7F, 0xFF, 0xFF,
	0xBF, 0xEF, 0xFF, 0xFF, 0xFF, 0xFF, 0xE5, 0xAA, 0xBF, 0xED, 0x7E, 0xD5, 0xF1, 0x24, 0x91, 0x00,
	0xD5, 0xEF, 0xEF, 0xAF, 0xD6, 0xD7, 0xF9, 0x38, 0x94, 0x02, 0x00, 0x04, 0x1D, 0x7B, 0x52, 0x88,
	0x04, 0x40, 0x0A, 0x5F, 0xDF, 0x7F, 0xF7, 0xF6, 0xFB, 0xDF, 0xF9, 0xB7, 0xFD, 0xB7, 0x77, 0xBF,
	0xFF, 0xF7, 0xFF, 0x7B, 0xFB, 0xEF, 0xBF, 0xBF, 0xFF, 0xFB, 0xFF, 0xFF, 0xDF, 0xFD, 0xFF, 0xFF,
	0xBF, 0x7F, 0xFF, 0xDF, 0x7F, 0xFF, 0xFF, 0x77, 0xBF, 0xDF, 0x7F, 0xFF, 0xFF, 0xFD, 0xFF, 0xBF,
	0xFF, 0xFF, 0xFF, 0xAF, 0xD6, 0xBF, 0xDA, 0xF7, 0x97, 0x7A, 0xF0, 0x2A, 0x80, 0x05, 0xBB, 0xF5,
	0x4F, 0xBA, 0xFF, 0x77, 0xFC, 0x38, 0x47, 0xD0, 0x25, 0x61, 0x0E, 0xAB, 0xED, 0x41, 0x28, 0x12,
	0x21, 0x3B, 0x7D, 0xFF, 0xDF, 0xBF, 0xEF, 0x7F, 0xFF, 0xCF, 0xED, 0xAB, 0xFF, 0xFF, 0x76, 0xDF,
	0xF7, 0xEF, 0xFF, 0xBE, 0xFF, 0xFE, 0xFE, 0xFF, 0xBB, 0xFF, 0xFF, 0xBF, 0xFF, 0x77, 0xFF, 0xFF,
	0xDF, 0x7F, 0xFF, 0xBF, 0xFD, 0xFF, 0xFF, 0x7D, 0xFF, 0xFF, 0xBF, 0xF7, 0xFE, 0xBF, 0xFF, 0xFF,
	0xFE, 0x33, 0xDA, 0xED, 0xAD, 0x35, 0xD7, 0x6E, 0x70, 0x85, 0x48, 0xA3, 0x2B, 0xFB, 0xF6, 0xBF,
	0x55, 0xD7, 0xFE, 0xB0, 0x9F, 0xE0, 0x80, 0xE0, 0x55, 0x0D, 0xFF, 0xE8, 0x0A, 0x40, 0x0C, 0x8F,
	0xFF, 0xE8, 0xFE, 0xFF, 0xFF, 0xFE, 0xFF, 0xFE, 0xF3, 0x7D, 0xEF, 0xF7, 0xFF, 0xFF, 0xFF, 0xFF,
	0xDF, 0xFF, 0xFF, 0xFF, 0xF7, 0xFF, 0xFF, 0xF7, 0xFF, 0xFF, 0xDD, 0xFE, 0xFB, 0xFE, 0xFF, 0xFD,
	0xF7, 0xFE, 0xFF, 0xFF, 0xFD, 0xFF, 0xFF, 0xFB, 0xFD, 0xDF, 0xFB, 0xFF, 0xFF, 0xFF, 0xF1, 0xCD,
	0x69, 0x7E, 0xDE, 0x97, 0x5B, 0x7B, 0x72, 0x2A, 0x82, 0x05, 0xEF, 0xBD, 0x57, 0xD5, 0xFF, 0x76,
	0xDF, 0x0A, 0x7D, 0xB2, 0x22, 0xF2, 0x18, 0x26, 0x76, 0xF2, 0x48, 0x7A, 0x8C, 0xAF, 0xF7, 0xBB,
	0xFF, 0xFB, 0x7B, 0xF7, 0xDE, 0xFF, 0xDF, 0x7D, 0xFE, 0xDF, 0xDF, 0xFE, 0xFD, 0xFF, 0xFD, 0xFF,
	0xFE, 0xFF, 0xDF, 0xEE, 0xFF, 0xBF, 0x7E, 0xFF, 0x7F, 0xFF, 0xFF, 0xF7, 0xFD, 0xFF, 0xFF, 0xFF,
	0xEF, 0xFD, 0xF7, 0xFF, 0xED, 0xEF, 0xFF, 0xFF, 0xEE, 0xFF, 0xF7, 0xFF, 0xEF, 0x76, 0xAD, 0x2B,
	0x6D, 0xFB, 0xED, 0x54, 0xB6, 0x81, 0x40, 0xA0, 0x1E, 0xFC, 0xF7, 0xEF, 0x5B, 0xD7, 0xFF, 0x81,
	0xFF, 0x10, 0x08, 0xE1, 0x28, 0x83, 0x00, 0x70, 0x24, 0x70, 0x04, 0x5B, 0x7F, 0xFA, 0xDB, 0x6F,
	0xDF, 0x7F, 0xFB, 0xEF, 0xFE, 0xFE, 0xDB, 0xFE, 0xFF, 0xF7, 0xDF, 0xDE, 0xFF, 0xF7, 0xFB, 0xF7,
	0x7F, 0xFF, 0xFF, 0xFF, 0xFB, 0xFB, 0xFF, 0xEF, 0xDF, 0x7F, 0xFF, 0xFF, 0xDF, 0xFF, 0xFF, 0xEF,
	0xDF, 0xFF, 0xFF, 0xFF, 0xF7, 0xFF, 0x7E, 0xFF, 0xFF, 0xBF, 0xD5, 0xDB, 0x55, 0xBF, 0xED, 0xA6,
	0xA9, 0x77, 0x6F, 0xFC, 0x88, 0x0A, 0x9B, 0xFF, 0x2B, 0xE5, 0xED, 0x77, 0xBE, 0xF7, 0xEF, 0x02,
	0x24, 0x00, 0x40, 0x13, 0x25, 0x38, 0x02, 0x34, 0x11, 0x4F, 0xFD, 0xFD, 0xFE, 0xBF, 0xAD, 0xFD,
	0xFF, 0xBD, 0xFB, 0x7D, 0xFF, 0xFF, 0xFD, 0xBF, 0xFF, 0xFF, 0xEF, 0xDF, 0xBF, 0xFF, 0xFF, 0xFF,
	0xFD, 0xFF, 0xFF, 0xFF, 0xFF, 0xBF, 0x7D, 0xFF, 0xEF, 0xF7, 0xFE, 0xEE, 0xFF, 0x7F, 0xFF, 0xEE,
	0xFF, 0xFF, 0x7F, 0xFF, 0xFD, 0xFF, 0x7F, 0xFF, 0xBF, 0x77, 0x56, 0x5A, 0xB5, 0xEB, 0xED, 0x4D,
	0x4F, 0xFF, 0x42, 0xA0, 0x4F, 0xD7, 0xDF, 0x7B, 0x7F, 0xAE, 0x5B, 0xAF, 0xBE, 0x08, 0x01, 0x10,
	0x08, 0x41, 0x15, 0x59, 0x39, 0x01, 0x04, 0xAF, 0xDF, 0xDF, 0xDD, 0xBF, 0x77, 0xDF, 0xBF, 0xFF,
	0x9F, 0x7B, 0xFF, 0xFB, 0xF7, 0xFF, 0xFF, 0x7B, 0xFF, 0x7F, 0xFF, 0xDF, 0xFF, 0x7F, 0xEF, 0xFB,
	0xDF, 0xEF, 0xED, 0xFF, 0xFF, 0xEF, 0x7F, 0xDF, 0xFF, 0xFF, 0xFD, 0xFF, 0x7F, 0xBF, 0xFF, 0xBF,
	0xFF, 0x77, 0xF3, 0xF7, 0xFF, 0xFF, 0x55, 0xB6, 0x6B, 0x4F, 0xE5, 0x6E, 0xAF, 0x6D, 0x33, 0x6F,
	0x88, 0x0B, 0x07, 0x9B, 0xFF, 0xFD, 0xD5, 0xF5, 0xE7, 0x57, 0xFF, 0x00, 0x05, 0xC2, 0xA2, 0x05,
	0x9C, 0xA8, 0x18, 0x4B, 0x12, 0x06, 0xFF, 0x77, 0x7E, 0x7D, 0xAF, 0xFB, 0xFB, 0xFF, 0x6F, 0x97,
	0xFE, 0xDF, 0xDF, 0xFB, 0xBB, 0xFF, 0xBD, 0xFE, 0xFF, 0x7D, 0xFD, 0xF7, 0x7F, 0xEF, 0xFF, 0xFF,
	0xBF, 0xFD, 0xF7, 0xFD, 0xFF, 0x7F, 0x7B, 0xFF, 0xEF, 0xFD, 0xFE, 0xFF, 0xDD, 0xFB, 0xFF, 0xFF,
	0x77, 0xFF, 0xFF, 0xFF, 0xFE, 0x57, 0xEA, 0xA2, 0xB5, 0xB7, 0xF7, 0x5A, 0x5B, 0xFC, 0x62, 0xE3,
	0xA7, 0x7E, 0xFB, 0xFE, 0xFE, 0xAD, 0x56, 0xB7, 0xFA, 0x44, 0x91, 0x00, 0x00, 0x22, 0xBE, 0x18,
	0x0A, 0x07, 0x81, 0x57, 0xF7, 0xFF, 0xFB, 0xF7, 0xEE, 0xF5, 0xEF, 0xED, 0xB7, 0xFE, 0xDB, 0xFF,
	0xFF, 0xBF, 0xFF, 0xFF, 0xFF, 0xFF, 0xED, 0xFF, 0xDF, 0xFF, 0xFF, 0xBF, 0xFB, 0x7E, 0xFF, 0xF7,
	0xFF, 0xBF, 0xFD, 0xFF, 0xFF, 0xDE, 0xFF, 0xF7, 0xFB, 0xFD, 0xFF, 0xFF, 0xDD, 0xFF, 0xEF, 0xFF,
	0xFF, 0xFF, 0xA9, 0xBE, 0xF5, 0xB5, 0x76, 0x7A, 0xAE, 0x7B, 0xEC, 0xFD, 0xD0, 0xEB, 0x96, 0xA5,
	0xEE, 0x0E, 0xAB, 0xF5, 0xFA, 0xF6, 0xEE, 0x20, 0x00, 0x50, 0x48, 0x8B, 0x1C, 0xA9, 0x01, 0x23,
	0x08, 0x27, 0xDF, 0xE3, 0xDF, 0xFD, 0xFF, 0xED, 0xFF, 0x7F, 0x9F, 0xFB, 0xFF, 0xFE, 0xFD, 0xFF,
	0xFF, 0xB7, 0xFF, 0xF7, 0xFF, 0xFF, 0xFF, 0xFF, 0xFE, 0xFF, 0x7F, 0xFB, 0xFF, 0x7F, 0xDE, 0xFF,
	0xEF, 0xFF, 0xFF, 0xFF, 0xFF, 0xDF, 0xFF, 0xFF, 0xFF, 0xFF, 0xFF, 0xF7, 0xDF, 0xFF, 0xFF, 0xFF,
	0xF6, 0xA9, 0x76, 0x95, 0x5B, 0xAF, 0xED, 0xFA, 0xBA, 0xD2, 0x78, 0x60, 0x0E, 0xEA, 0x7D, 0xEE,
	0xFD, 0x55, 0x59, 0x57, 0xF9, 0x80, 0x09, 0x1A, 0x00, 0x24, 0x00, 0x18, 0x2A, 0x08, 0x45, 0x96,
	0xFE, 0xDD, 0x67, 0xDB, 0x7F, 0xB5, 0xFF, 0xFF, 0xFF, 0xDF, 0xFF, 0xDF, 0xF7, 0xF6, 0xED, 0xFF,
	0xEF, 0xBF, 0x7F, 0xEE, 0xFF, 0xBD, 0xF7, 0xFF, 0xEF, 0xEF, 0xFB, 0xFF, 0xFF, 0xFF, 0x7F, 0xFD,
	0xDE, 0xFB, 0xEE, 0xFF, 0xDF, 0xFF, 0xEF, 0xBD, 0xFF, 0xDE, 0xDF, 0xFF, 0xFB, 0xFF, 0x4D, 0xD7,
	0xB2, 0xDB, 0xC0, 0xBA, 0x9F, 0xB7, 0xDF, 0x75, 0x19, 0x09, 0x2C, 0xBF, 0x7B, 0x77, 0x57, 0xFD,
	0xED, 0xF7, 0xE7, 0xE0, 0x80, 0x08, 0x22, 0x16, 0x12, 0xB0, 0x01, 0x21, 0x01, 0x83, 0xFB, 0xDD,
	0xDB, 0xFD, 0x76, 0xFF, 0xFD, 0xF7, 0xFE, 0xFF, 0xDD, 0xFB, 0xDF, 0xDF, 0xFF, 0xFE, 0xFD, 0xFF,
	0xFF, 0xFF, 0xF7, 0xFF, 0xDF, 0xFF, 0xFF, 0xBF, 0xFF, 0xFE, 0xFF, 0xF7, 0xFF, 0xEF, 0xFF, 0xFF,
	0xFF, 0xFF, 0xFF, 0xEF, 0x7E, 0xFF, 0xDD, 0xFF, 0xBF, 0xFF, 0xFF, 0xFF, 0xD7, 0x77, 0xBB, 0x6B,
	0x12, 0x4F, 0xBF, 0xCA, 0xE8, 0x62, 0x98, 0xA4, 0xBB, 0x55, 0x7B, 0xB7, 0x7A, 0xAE, 0xB7, 0x57,
	0x5E, 0xF2, 0x12, 0x81, 0x08, 0x58, 0x80, 0x42, 0x4A, 0x80, 0x08, 0xAB, 0xEF, 0xEB, 0xD7, 0x7D,
	0xFF, 0xFF, 0xB7, 0xFF, 0xFF, 0xFD, 0xFF, 0xFF, 0xFF, 0xFF, 0xFF, 0xFB, 0xFF, 0xFD, 0xED, 0xBF,
	0xFF, 0xFF, 0xFF, 0xFB, 0xFE, 0xFF, 0xEF, 0xEF, 0xF7, 0x7F, 0xFF, 0xBF, 0xFB, 0xDF, 0xBF, 0xFD,
	0xFE, 0xFF, 0xFF, 0xFF, 0x7F, 0xFF, 0x7F, 0xEE, 0xFF, 0xFF, 0xB5, 0xDB, 0x7D, 0x55, 0x04, 0x6A,
	0x7F, 0xF7, 0x50, 0x48, 0x8C, 0x00, 0x67, 0x7E, 0xB5, 0x76, 0xDE, 0xF5, 0xDD, 0xAF, 0xED, 0x38,
	0x40, 0x08, 0x00, 0x02, 0x31, 0x28, 0x24, 0x10, 0x42, 0x53, 0xBF, 0xAF, 0xEF, 0xEF, 0x7F, 0xFD,
	0xFF, 0xDE, 0xDB, 0xDF, 0xF7, 0xBF, 0xFF, 0x7F, 0xDB, 0xBF, 0xFF, 0xF7, 0xFF, 0xFF, 0xBE, 0xEE,
	0xFF, 0xDF, 0xBB, 0xFF, 0xBF, 0x7F, 0xDF, 0xFE, 0xFB, 0xFF, 0xEF, 0xFE, 0xFD, 0xDF, 0xF7, 0xFF,
	0xFF, 0xF7, 0xFF, 0xBA, 0xFF, 0xBF, 0xFF, 0xBF, 0xAF, 0x77, 0xB9, 0xAA, 0xA0, 0x3E, 0xF7, 0x75,
	0xA4, 0xA4, 0x69, 0x24, 0x87, 0xAA, 0xF7, 0xB6, 0xE9, 0x3F, 0x76, 0xD0, 0xDD, 0xD8, 0x82, 0x40,
	0x24, 0x50, 0xFC, 0x82, 0x80, 0x82, 0x01, 0x0B, 0xFE, 0xB6, 0xFF, 0xBE, 0xB7, 0x6F, 0xFF, 0xFF,
	0xFF, 0xFF, 0x7F, 0xFE, 0xFB, 0xFB, 0xFF, 0xFF, 0xB7, 0x7F, 0xDF, 0xFB, 0xFF, 0xFF, 0xFD, 0xFF,
	0xFF, 0xFE, 0xFF, 0xFD, 0xFF, 0xF7, 0xEF, 0xFE, 0xFF, 0xFB, 0xFF, 0xFF, 0xBF, 0xFB, 0xFB, 0xFF,
	0xFB, 0xFE, 0xFF, 0xFF, 0xF7, 0xFF, 0x6B, 0xD6, 0x7D, 0x6A, 0x04, 0xAA, 0xD1, 0xFA, 0xE0, 0x13,
	0x18, 0x00, 0x4E, 0xDE, 0xED, 0xC8, 0xB7, 0xD5, 0xBB, 0xAF, 0x6E, 0xDA, 0x28, 0x04, 0x80, 0x30,
	0xF8, 0x54, 0x08, 0x40, 0x48, 0xE3, 0x7B, 0x77, 0xE6, 0xFD, 0xDF, 0xFF, 0xDE, 0xFF, 0xFF, 0xF7,
	0xFD, 0xF7, 0xDF, 0xFF, 0xFF, 0xEE, 0xFF, 0xFF, 0xFF, 0xEF, 0xF7, 0xFF, 0xF7, 0xFF, 0xFF, 0xFB,
	0xFF, 0xF7, 0xFD, 0xDF, 0xFF, 0xFB, 0xFF, 0x7F, 0xF7, 0xFB, 0xFF, 0xDF, 0xBF, 0xFF, 0xEF, 0xED,
	0xFF, 0xFF, 0xFF, 0xFF, 0x6E, 0xF5, 0x96, 0xB5, 0x12, 0x6D, 0xCC, 0x7B, 0x44, 0xA8, 0xAA, 0xBA,
	0x17, 0xE7, 0x16, 0xF7, 0x6F, 0x5B, 0xDD, 0x6D, 0x6B, 0x5B, 0xFF, 0x40, 0x14, 0x7A, 0x5C, 0x12,
	0xA3, 0x82, 0xC0, 0xF1, 0xEF, 0x7B, 0xBB, 0xFD, 0xDF, 0xFE, 0xFF, 0xF7, 0x7F, 0x7F, 0xDF, 0xDF,
	0xFF, 0xDF, 0x7D, 0xBF, 0xFD, 0xEE, 0xFD, 0xBF, 0xFF, 0xBB, 0xDF, 0xFB, 0xBD, 0xDF, 0xFB, 0xBF,
	0xFF, 0xFF, 0xFF, 0x6F, 0xFD, 0xFF, 0xFF, 0x7F, 0xFF, 0x7F, 0xFF, 0xBB, 0x7F, 0x7B, 0xFF, 0xFF,
	0xFF, 0xFF, 0xEB, 0x5B, 0x69, 0x55, 0x80, 0x83, 0x92, 0x3A, 0xE0, 0x1C, 0x80, 0x38, 0x9F, 0xFA,
	0xFB, 0x5B, 0x9F, 0xAD, 0x6E, 0xDA, 0xED, 0xD7, 0xFF, 0x20, 0x00, 0x10, 0x78, 0xA8, 0x39, 0xA9,
	0xF2, 0xE5, 0xFF, 0x77, 0xED, 0xEE, 0x3D, 0xEF, 0xFB, 0xDF, 0xF7, 0xFD, 0xFF, 0xFF, 0x7D, 0xFD,
	0xEF, 0xFB, 0xF7, 0xFF, 0xF7, 0xFF, 0x7F, 0xFF, 0xFF, 0xBF, 0xF7, 0xFF, 0xFF, 0xFF, 0x6F, 0xFE,
	0xDD, 0xFF, 0xDF, 0xF7, 0xDF, 0xEE, 0xED, 0xFF, 0xFF, 0xFF, 0xFF, 0xF7, 0xFD, 0xFF, 0xFF, 0xFF,
	0xEF, 0xFE, 0xBC, 0xD4, 0x88, 0x59, 0xAA, 0x37, 0x52, 0x9C, 0x91, 0x18, 0x2F, 0xFB, 0x5E, 0xE7,
	0xB9, 0xAF, 0xB9, 0xDA, 0xDE, 0xAF, 0x43, 0x84, 0x85, 0x00, 0x22, 0x02, 0x78, 0x00, 0xF0, 0x45,
	0xDD, 0x8E, 0xEB, 0xFF, 0xFF, 0xBF, 0xEF, 0xFF, 0xFF, 0xF7, 0xFF, 0xFF, 0xF7, 0xFF, 0xFF, 0xFF,
	0xDF, 0xBF, 0xDF, 0xFF, 0xFD, 0xFF, 0xFF, 0xFF, 0xFF, 0xFF, 0xDF, 0xFF, 0xFE, 0xEF, 0xFF, 0xFF,
	0xFF, 0xFF, 0xFF, 0xFF, 0xFF, 0xFD, 0xED, 0xFF, 0xFB, 0xEF, 0xFF, 0xFF, 0xBF, 0xFF, 0xED, 0x55,
	0x6E, 0x6A, 0xC1, 0x04, 0xD4, 0xB0, 0x68, 0x09, 0x48, 0x44, 0x64, 0x6B, 0xEA, 0x77, 0x7D, 0x95,
	0xE7, 0xD5, 0xAB, 0x9D, 0x81, 0xC0, 0x00, 0x24, 0x88, 0x98, 0x3A, 0xA4, 0xE1, 0x11, 0xFF, 0xFF,
	0xDF, 0xBF, 0xFF, 0xFD, 0xBF, 0xFE, 0xFE, 0xDF, 0xB6, 0xFB, 0xFF, 0xBF, 0xFF, 0xFF, 0xFF, 0xFB,
	0xFF, 0xFB, 0xEF, 0xFE, 0xFE, 0xFB, 0x7F, 0xBB, 0x7E, 0xED, 0xFB, 0xFF, 0xFF, 0xFE, 0xFF, 0xDF,
	0x7E, 0xFF, 0xFF, 0xFF, 0xBF, 0xEF, 0x7F, 0x6F, 0xFF, 0xF7, 0xFE, 0xFF, 0xEF, 0x7F, 0xB1, 0x2D,
	0x24, 0x55, 0x42, 0x6A, 0x28, 0x52, 0x64, 0x21, 0x7B, 0xBA, 0xBD, 0x0C, 0x8D, 0x6E, 0x1F, 0xDE,
	0xBD, 0x7F, 0x10, 0xD2, 0x42, 0x80, 0x22, 0x0A, 0x10, 0x50, 0x40, 0x0A, 0xEF, 0xFD, 0xA7, 0xFD,
	0xEE, 0xFF, 0xFE, 0xDF, 0xEF, 0xFF, 0xFF, 0xDF, 0xFF, 0xFB, 0xFB, 0x6D, 0xFF, 0xFF, 0xFE, 0xDF,
	0xFF, 0xDB, 0xF7, 0xEF, 0xFE, 0xFF, 0xFF, 0xFF, 0xEF, 0xFD, 0xEF, 0xBB, 0xEE, 0xFF, 0xFF, 0xF6,
	0xDF, 0xDF, 0xFF, 0xBD, 0xEF, 0xDF, 0xFF, 0xFF, 0xFF, 0xFF, 0xE9, 0x47, 0xA8, 0xB5, 0xB1, 0x21,
	0x54, 0x40, 0x94, 0x09, 0x30, 0x94, 0xAE, 0xBB, 0xDE, 0xF7, 0x13, 0x35, 0xEE, 0xEB, 0xEF, 0x8F,
	0x00, 0x48, 0x08, 0x28, 0x07, 0x21, 0x45, 0x01, 0x10, 0xA1, 0xBB, 0x77, 0x7B, 0xF7, 0xFF, 0xF7,
	0xFF, 0xFF, 0xFF, 0xFF, 0xFF, 0xFF, 0x6E, 0xFF, 0x6F, 0xFF, 0xBB, 0x7F, 0x7B, 0xFF, 0x7F, 0xFF,
	0xDF, 0xFF, 0xDB, 0xFF, 0xFB, 0xFF, 0xBF, 0xB7, 0xBE, 0xFF, 0xFF, 0xFF, 0xF7, 0xFF, 0xFD, 0xFB,
	0xFF, 0xFF, 0xFF, 0xBF, 0xEF, 0xDF, 0xFF, 0xFF, 0xF7, 0xFB, 0xA2, 0x2A, 0x92, 0x40, 0x4A, 0x12,
	0x08, 0x44, 0xCA, 0x42, 0xFB, 0xDA, 0xB4, 0xAE, 0x4C, 0x5B, 0xF7, 0xED, 0x75, 0x57, 0x42, 0x40,
	0x21, 0x30, 0x92, 0x15, 0x10, 0xB4, 0x44, 0x08, 0xFF, 0xFF, 0xB7, 0x7F, 0xBB, 0xFF, 0xEF, 0xFB,
	0x7F, 0xFD, 0xDF, 0xFF, 0xFF, 0xEF, 0xFF, 0xFF, 0xFF, 0xEF, 0xEF, 0xFF, 0xFE, 0xFF, 0xFF, 0xFF,
	0x7F, 0xF7, 0x7F, 0xB6, 0xFF, 0xFF, 0xFF, 0xFF, 0xFF, 0xFD, 0xFF, 0xBF, 0xFF, 0xFF, 0x76, 0xFF,
	0xF3, 0x7F, 0xFF, 0x7F, 0xF7, 0xFF, 0xF2, 0xBB, 0xB0, 0x95, 0x58, 0x12, 0x24, 0xA1, 0x1D, 0x12,
	0x54, 0x7F, 0x56, 0xBB, 0xDB, 0xFE, 0x00, 0x8F, 0xFB, 0xEF, 0xAF, 0x83, 0x00, 0x81, 0x08, 0x92,
	0x00, 0x80, 0x8A, 0x40, 0x00, 0x22, 0xED, 0x3F, 0xAF, 0xFF, 0xFF, 0xBE, 0xFE, 0xEF, 0xF6, 0xDF,
	0xFD, 0xBB, 0xFF, 0xFF, 0xFF, 0xEF, 0xFF, 0xFF, 0xFF, 0xFD, 0xF7, 0xFF, 0xFF, 0xBD, 0xFF, 0xDF,
	0xF7, 0xFF, 0xFE, 0xFF, 0xFF, 0xFF, 0x7B, 0xF7, 0xDF, 0xFB, 0xBF, 0xBF, 0xFF, 0xF6, 0xEF, 0x7F,
	0xFF, 0xFF, 0xDF, 0xFF, 0xFF, 0xEB, 0x60, 0x5A, 0xA5, 0x00, 0x42, 0x0A, 0x0C, 0x0A, 0xAA, 0x3F,
	0x72, 0xB6, 0x97, 0xFA, 0x54, 0x24, 0xFB, 0xA5, 0x75, 0xA7, 0x44, 0x24, 0x0C, 0x00, 0x08, 0x0A,
	0x10, 0xB2, 0x90, 0x08, 0xFE, 0xDB, 0xFF, 0xB7, 0xFF, 0xFB, 0xE7, 0xFF, 0xFF, 0xFF, 0xFF, 0xFF,
	0xBB, 0xBE, 0xFE, 0xFE, 0xEE, 0xFD, 0xFF, 0xEF, 0xFF, 0xFE, 0xFE, 0xFF, 0xF6, 0xFF, 0xFF, 0x7F,
	0xFB, 0xFF, 0xF7, 0xDB, 0xEF, 0xBF, 0xFF, 0xFF, 0xF6, 0xFB, 0xFF, 0xBF, 0xCA, 0xFF, 0x7F, 0xFF,
	0xFF, 0xFF, 0xF3, 0x7B, 0x79, 0x4A, 0xD4, 0xA4, 0x2A, 0x21, 0x08, 0x22, 0x50, 0x01, 0x3B, 0xEB,
	0xD6, 0xDE, 0x00, 0x17, 0xDB, 0x5B, 0x95, 0x83, 0x00, 0x00, 0x28, 0xA8, 0x82, 0x25, 0x82, 0x30,
	0x01, 0x04, 0x6E, 0xBF, 0x7B, 0xFE, 0xDD, 0x7F, 0xDB, 0xFF, 0xBF, 0xFB, 0x6F, 0xFE, 0xFF, 0xFB,
	0xDB, 0xFF, 0xFF, 0xF7, 0xDF, 0x7F, 0xFF, 0xDB, 0xEF, 0xF7, 0xFF, 0xFE, 0xFD, 0xFF, 0xEF, 0xED,
	0xBE, 0xFF, 0xFF, 0xFF, 0xFD, 0xDF, 0x7F, 0xFF, 0xB6, 0xFF, 0xD5, 0xFF, 0xFF, 0xFF, 0xFF, 0xFF,
	0x7F, 0xDA, 0xB4, 0x0D, 0x56, 0x30, 0x91, 0x0C, 0x9C, 0x15, 0x2A, 0x08, 0xAC, 0x2D, 0x57, 0xFE,
	0x94, 0x89, 0xFA, 0xF5, 0x7E, 0x66, 0x52, 0x11, 0x02, 0x02, 0x10, 0x81, 0x95, 0x08, 0x40, 0xE1,
	0x7B, 0x7D, 0xEF, 0xDF, 0xFD, 0x9F, 0xDB, 0xDE, 0xFF, 0xEF, 0xFE, 0xEF, 0xFE, 0xFF, 0xFF, 0xF7,
	0xFF, 0xDF, 0xFD, 0xFF, 0xDF, 0x7F, 0xFF, 0xFF, 0xBF, 0xF7, 0xDF, 0xF6, 0xFF, 0xFF, 0xFF, 0xFF,
	0xFF, 0xFF, 0x7F, 0xFD, 0xFF, 0xFF, 0xEF, 0xF6, 0xAB, 0xFF, 0xFD, 0xFE, 0xFF, 0xFF, 0xB2, 0xA4,
	0x18, 0x25, 0x59, 0x10, 0x4A, 0x0C, 0x08, 0x00, 0xA5, 0x2C, 0x37, 0xF7, 0x15, 0xFA, 0x00, 0x01,
	0xF6, 0xDD, 0x77, 0xA0, 0x20, 0x40, 0x40, 0x28, 0x40, 0x04, 0xA0, 0x45, 0x12, 0x48, 0x6F, 0xEF,
	0xFE, 0xFF, 0xFB, 0xEF, 0xE7, 0xFF, 0xFB, 0x7F, 0xFB, 0xFF, 0xEF, 0xFF, 0xFF, 0xDF, 0xBB, 0xFF,
	0xFF, 0xFF, 0x7D, 0xFF, 0xFD, 0xDE, 0xFF, 0x7F, 0xFF, 0xFF, 0xFF, 0xBF, 0xFF, 0xFB, 0x7E, 0xFD,
	0xFF, 0xFF, 0xFF, 0xDD, 0xDF, 0xDF, 0x4B, 0xFB, 0xFF, 0xFF, 0xFE, 0x9F, 0xBF, 0x78, 0x4D, 0x05,
	0x55, 0x85, 0xA4, 0x81, 0x58, 0x4A, 0xA9, 0x1C, 0x5A, 0xBD, 0x40, 0x3C, 0x87, 0x04, 0xD5, 0x56,
	0xC0, 0xD9, 0x10, 0x01, 0x00, 0x01, 0x05, 0xA0, 0x13, 0x20, 0x00, 0x05, 0x3F, 0xFF, 0xFF, 0xFB,
	0x6D, 0xDE, 0xFF, 0xFB, 0xFF, 0xFF, 0xBF, 0xFB, 0xFF, 0xEF, 0xFF, 0x7E, 0xFF, 0x7E, 0xDF, 0xF7,
	0xFF, 0xFF, 0xBF, 0xFF, 0xF7, 0xEF, 0xFB, 0xBF, 0xDE, 0xFF, 0xEF, 0x6F, 0xF7, 0xEF, 0xF7, 0x77,
	0xED, 0xFF, 0xAD, 0xFE, 0xA7, 0xFF, 0xFF, 0xFF, 0xFD, 0x6F, 0xB6, 0xD0, 0x0C, 0x15, 0x6C, 0x90,
	0x92, 0x14, 0x00, 0x08, 0x44, 0x81, 0x0B, 0x56, 0x15, 0x1D, 0x47, 0x10, 0xDB, 0xAA, 0xC0, 0x68,
	0x89, 0x08, 0x45, 0x14, 0x11, 0x86, 0x87, 0x94, 0xB8, 0x10, 0xB6, 0xFD, 0xBB, 0xBF, 0xFD, 0xDF,
	0xFF, 0x7F, 0xDF, 0xFB, 0xFF, 0xBF, 0x7F, 0xBE, 0xDD, 0xFF, 0xFF, 0xFF, 0xFD, 0xDF, 0xFF, 0xFE,
	0xFF, 0xFB, 0xFF, 0xFE, 0xEF, 0xFD, 0xFF, 0xFB, 0x7D, 0xFF, 0xFF, 0xFF, 0xFF, 0xFF, 0xFF, 0xFF,
	0x5F, 0xFD, 0x2F, 0xFF, 0xEF, 0xF7, 0xFB, 0xFF, 0xAB, 0x50, 0x0C, 0x02, 0xAA, 0xC0, 0x4B, 0x02,
	0x89, 0x45, 0x28, 0x90, 0x5E, 0xBA, 0x40, 0x8C, 0x50, 0x42, 0xEA, 0xFE, 0x92, 0x2A, 0x24, 0x41,
	0xC1, 0x80, 0x80, 0x07, 0x2F, 0xCA, 0x19, 0x04, 0x3F, 0xB7, 0xFF, 0xFF, 0xFE, 0x7F, 0xFF, 0xEF,
	0xFD, 0xDF, 0xF7, 0xFF, 0xF6, 0xFF, 0xFF, 0xFF, 0xF7, 0xF7, 0xFF, 0xFF, 0xEF, 0xEF, 0xF7, 0x6F,
	0xDD, 0xBF, 0xFF, 0xF7, 0xFB, 0xFF, 0xFF, 0xFF, 0xDF, 0xFF, 0xDF, 0xFF, 0x7F, 0xB6, 0x57, 0x6D,
	0x5F, 0xFF, 0xFF, 0xFF, 0xEB, 0x5F, 0x5D, 0x54, 0x58, 0x25, 0x55, 0x22, 0x28, 0x40, 0x40, 0x00,
	0x92, 0x0A, 0x1E, 0xC6, 0x12, 0x5A, 0x81, 0x00, 0xEF, 0x15, 0xC0, 0x14, 0x83, 0x88, 0x91, 0x88,
	0x3C, 0xA6, 0x07, 0x84, 0x44, 0x01, 0x1B, 0xFF, 0xFE, 0xEE, 0xDF, 0xFD, 0xDD, 0xFE, 0xFF, 0xFE,
	0xDF, 0x77, 0xDF, 0xFB, 0xFF, 0xF7, 0xDF, 0xDF, 0x77, 0xFE, 0xFF, 0x7F, 0xFF, 0xFF, 0xFF, 0xFF,
	0xFF, 0x7F, 0xEF, 0xEF, 0xFF, 0xFF, 0x7E, 0xEE, 0xFD, 0xDD, 0xF7, 0xFE, 0xDF, 0xFA, 0x5F, 0xDF,
	0xFF, 0xBF, 0xFD, 0xFF, 0x6F, 0xF0, 0x0A, 0x02, 0xF3, 0xD0, 0xE5, 0x0A, 0x85, 0xC4, 0xA8, 0xC1,
	0x3A, 0x93, 0x48, 0x09, 0x54, 0x15, 0xD5, 0x7E, 0x85, 0x14, 0x49, 0x82, 0x48, 0x22, 0x1A, 0x00,
	0xA1, 0x32, 0x10, 0x25, 0x5F, 0xFF, 0x6F, 0xFB, 0xFB, 0x77, 0xFF, 0xFF, 0xEF, 0xFB, 0xFF, 0xFF,
	0x7F, 0xFF, 0xEF, 0xDF, 0x7F, 0x7F, 0xFF, 0xFB, 0xFD, 0xFF, 0xFF, 0xFF, 0x7F, 0xF6, 0xFB, 0xFF,
	0xBF, 0xFF, 0xDF, 0xDD, 0xFF, 0xFF, 0xFF, 0xFF, 0xFE, 0xFD, 0x26, 0xF1, 0x7F, 0x7F, 0x7F, 0xFF,
	0xFB, 0x7F, 0xBA, 0xB1, 0x01, 0x13, 0xDF, 0xE8, 0x6A, 0x86, 0x43, 0xC2, 0x44, 0xC0, 0xFE, 0xA8,
	0x1D, 0x4C, 0xA0, 0x01, 0xDD, 0xD6, 0xC3, 0x89, 0x24, 0x50, 0x20, 0x01, 0x08, 0x40, 0x14, 0x78,
	0x04, 0x83, 0xCD, 0xB7, 0xFF, 0xB4, 0xFE, 0xBF, 0xFF, 0xF7, 0xFE, 0xDF, 0xFF, 0xFF, 0xFF, 0xEF,
	0x7E, 0xFF, 0xFF, 0xFF, 0xFF, 0x6F, 0xF7, 0xFD, 0xDD, 0xDF, 0xF6, 0xFF, 0xDF, 0xFE, 0xFF, 0x7F,
	0x7D, 0xFF, 0xFB, 0xFF, 0xFF, 0xF7, 0xDF, 0xFA, 0xD7, 0xCA, 0xBF, 0xFF, 0xFF, 0xFF, 0x7D, 0xDF,
	0xEF, 0xD0, 0x2A, 0x87, 0xFB, 0x75, 0x14, 0x84, 0x89, 0xC9, 0x2A, 0x7F, 0xDF, 0x05, 0x0C, 0x12,
	0x14, 0x17, 0xB2, 0xFA, 0xD7, 0x28, 0x71, 0x0A, 0xBA, 0x00, 0x42, 0x12, 0x41, 0x7D, 0x20, 0x17,
	0xE7, 0xFD, 0xFB, 0xF7, 0x75, 0xDF, 0xDD, 0xDF, 0xBF, 0xFF, 0xFB, 0xBB, 0xFD, 0xBF, 0xFF, 0xFF,
	0xFF, 0xFD, 0xDD, 0xFF, 0xDF, 0xF7, 0xFF, 0xFD, 0xFF, 0xDF, 0xFF, 0xB7, 0xFF, 0xFD, 0xFF, 0xFF,
	0xEF, 0xB7, 0x6E, 0xDF, 0xFF, 0xD5, 0x69, 0xE5, 0x7F, 0xFF, 0xFD, 0xFF, 0xFD, 0xFF, 0xBA, 0xFA,
	0x04, 0xAF, 0x7E, 0x9A, 0x0A, 0x51, 0x41, 0x90, 0x81, 0x3F, 0x7F, 0xD0, 0x21, 0x48, 0xA2, 0x45,
	0x2F, 0x57, 0x61, 0x05, 0x74, 0x80, 0x30, 0x89, 0x14, 0x80, 0x28, 0x68, 0x8A, 0x06, 0xE7, 0x7F,
	0xBF, 0xEF, 0x7E, 0xDF, 0x7F, 0xFF, 0xFB, 0xFE, 0xEF, 0xFF, 0xF7, 0xFF, 0xFB, 0xFB, 0xFB, 0xF7,
	0xFF, 0xFF, 0xFF, 0xFF, 0xFF, 0x7F, 0xDF, 0xFE, 0xFD, 0xFF, 0xFD, 0xEF, 0xFF, 0xEF, 0xBF, 0xFF,
	0xFF, 0xFF, 0x7B, 0xF5, 0xF5, 0x16, 0xFF, 0xFF, 0xFF, 0xF6, 0xFE, 0xBF, 0xEF, 0xA8, 0x42, 0x3F,
	0xFE, 0xE9, 0xF1, 0x00, 0x44, 0x00, 0x54, 0x80, 0x00, 0x4A, 0x00, 0x04, 0x54, 0x00, 0x05, 0xBD,
	0x60, 0x20, 0x20, 0x46, 0x84, 0x00, 0x7F, 0xE1, 0x05, 0x3A, 0x00, 0xC7, 0xC3, 0xEF, 0xFD, 0xB5,
	0xEE, 0xBD, 0xFF, 0xFE, 0xFF, 0xDB, 0xFF, 0xFF, 0x7F, 0xFD, 0xEF, 0xBF, 0x6F, 0xBF, 0xFF, 0xFF,
	0x7F, 0xBF, 0xB7, 0xF7, 0xFE, 0xFB, 0xF7, 0xFF, 0xF7, 0xFF, 0xEE, 0xFE, 0xFF, 0xFD, 0xFF, 0xFD,
	0xFF, 0xEB, 0x5A, 0xB1, 0xFB, 0xFD, 0xFF, 0xFD, 0x1E, 0xEF, 0xBA, 0xFE, 0x01, 0xFF, 0xED, 0xE7,
	0xFC, 0x82, 0xA0, 0x48, 0x8E, 0x54, 0x93, 0xA0, 0x8A, 0x42, 0x12, 0x08, 0xD6, 0xAF, 0xB4, 0x80,
	0x05, 0x26, 0x22, 0x41, 0xFF, 0xFC, 0x10, 0x80, 0x91, 0xD3, 0xD5, 0xBD, 0xEF, 0xFB, 0xBF, 0xFF,
	0xFB, 0xBB, 0xEF, 0x7F, 0xFE, 0xDB, 0xFF, 0xFF, 0xBF, 0xFF, 0xFF, 0xFF, 0xF7, 0xFB, 0xFE, 0xFE,
	0xFF, 0xFF, 0x7B, 0xFF, 0xFF, 0xFE, 0xDF, 0xFF, 0xFF, 0xFB, 0xFE, 0xDF, 0xED, 0xF7, 0xFF, 0x53,
	0xFB, 0x5B, 0xFF, 0xF7, 0xEF, 0xFB, 0xE7, 0x7F, 0x57, 0xAB, 0xDF, 0xEE, 0xFB, 0xEB, 0xF6, 0xA0,
	0x10, 0x00, 0x46, 0x0A, 0x00, 0xE4, 0x20, 0x00, 0xA9, 0x40, 0xC3, 0xD2, 0x98, 0xE1, 0x2C, 0x92,
	0x88, 0x13, 0xFF, 0x7E, 0x45, 0x21, 0x44, 0x00, 0x01, 0xFF, 0xB3, 0xFF, 0xFF, 0xFF, 0xEF, 0xFF,
	0xFF, 0xFF, 0xDF, 0xFF, 0xFE, 0xEF, 0xFF, 0xEF, 0xFF, 0xFF, 0x7F, 0xBF, 0xFB, 0xFB, 0xFE, 0xDF,
	0xFF, 0xEF, 0xDF, 0xDB, 0xFF, 0xDE, 0xFF, 0xBF, 0xFB, 0xFF, 0xBF, 0xBF, 0xEF, 0xAE, 0xFC, 0xEF,
	0xFF, 0xDF, 0xFF, 0xB6, 0xF9, 0x5F, 0xD4, 0xFD, 0x5F, 0xBF, 0xEA, 0x2D, 0xBE, 0x04, 0x80, 0x01,
	0x21, 0x52, 0x11, 0x52, 0x85, 0xCA, 0x04, 0x02, 0xCA, 0x29, 0x58, 0xC8, 0x0C, 0x00, 0x31, 0x27,
	0xED, 0xF7, 0x90, 0x88, 0x00, 0x88, 0x54, 0xEF, 0xED, 0xBE, 0xF6, 0xED, 0xFF, 0xFF, 0xFF, 0xFF,
	0xFF, 0xFF, 0xDB, 0xFF, 0xFE, 0xFD, 0xFE, 0xFD, 0xFF, 0xFF, 0xEF, 0xFF, 0xFF, 0xFF, 0xFF, 0xFF,
	0x7F, 0x7F, 0xFF, 0x7F, 0xED, 0xFF, 0xEF, 0xED, 0xFF, 0xFF, 0xBD, 0xA7, 0xAD, 0x67, 0xFF, 0xFF,
	0xFF, 0xF7, 0xBE, 0xEF, 0xFF, 0x0B, 0x7E, 0xFF, 0xD7, 0xDD, 0xEF, 0x50, 0x54, 0x54, 0x95, 0x09,
	0x04, 0xF4, 0x43, 0xC0, 0xA1, 0x00, 0x03, 0xE4, 0xCC, 0x20, 0x42, 0xAA, 0x70, 0x8F, 0xBF, 0xFF,
	0xE2, 0x50, 0xA4, 0x22, 0x02, 0x3B, 0x6B, 0xF7, 0xFF, 0xFF, 0xBF, 0x77, 0xBB, 0xEE, 0xFB, 0xBE,
	0xFF, 0xFD, 0xFB, 0xFF, 0xDB, 0xEF, 0xFD, 0xFF, 0x7F, 0xDF, 0xEF, 0xFB, 0xB7, 0xBF, 0xFD, 0xFF,
	0xF7, 0xFB, 0xFF, 0xF7, 0xBF, 0xBF, 0xFE, 0xFD, 0xFF, 0x5B, 0xFB, 0xAF, 0xBF, 0xFF, 0xFF, 0xF5,
	0xD7, 0xBF, 0xFF, 0xF5, 0x7F, 0xFD, 0xDD, 0xED, 0x86, 0x00, 0x00, 0x01, 0xC4, 0x54, 0x91, 0x61,
	0x03, 0xC0, 0x5E, 0x40, 0x2B, 0x80, 0x6C, 0x83, 0x14, 0x41, 0x3A, 0x2E, 0xFF, 0xFF, 0xF9, 0x24,
	0x01, 0x08, 0x91, 0x3F, 0xFF, 0xDF, 0xBB, 0xBF, 0xFD, 0xFF, 0xFF, 0x7F, 0xEF, 0xFB, 0xFF, 0xDF,
	0xDF, 0xFF, 0xFF, 0xFF, 0xEF, 0xDB, 0xFF, 0xFE, 0xFE, 0xFF, 0xFF, 0xFB, 0xFF, 0xFF, 0x7F, 0xFF,
	0xBF, 0xDE, 0xFF, 0xFF, 0xEF, 0xEF, 0xF7, 0x49, 0x45, 0x5F, 0xFB, 0xFF, 0xFD, 0xFB, 0x7A, 0xDF,
	0xFF, 0xFF, 0xF7, 0xF7, 0xAF, 0x6D, 0x76, 0xA8, 0x54, 0xE0, 0xD3, 0x22, 0x81, 0xCA, 0xA1, 0x95,
	0x1E, 0x04, 0x03, 0x10, 0x34, 0x29, 0xC2, 0xA8, 0x20, 0x1F, 0xFF, 0xFF, 0xFE, 0x91, 0x28, 0x00,
	0x0A, 0x96, 0xFD, 0xFE, 0xFF, 0xFB, 0xF7, 0xFE, 0xFF, 0xFF, 0xFF, 0xFF, 0xFF, 0x7F, 0xFF, 0xDB,
	0x7F, 0xFF, 0xFF, 0xFF, 0xFE, 0xFB, 0xFF, 0xEF, 0xFF, 0xFF, 0xDF, 0xED, 0xFE, 0xDF, 0xFD, 0xFF,
	0xFD, 0xFB, 0xBF, 0xBF, 0x7D, 0xF6, 0x2E, 0xBF, 0xFF, 0xFF, 0xEF, 0xFB, 0xDF, 0xEF, 0xFF, 0xFF,
	0xFF, 0xFE, 0xDB, 0xAA, 0x9E, 0xA1, 0x10, 0xF2, 0x0B, 0x91, 0x45, 0xA1, 0x04, 0x06, 0x37, 0x50,
	0x26, 0x44, 0x1E, 0x61, 0x88, 0x14, 0x04, 0xBF, 0xFF, 0x6E, 0xFF, 0x88, 0x12, 0x42, 0x40, 0x1F,
	0xEF, 0x7B, 0xEF, 0xFF, 0xBF, 0xEF, 0xEF, 0xFB, 0xBE, 0xDF, 0xDB, 0xFD, 0xFF, 0x7F, 0xFF, 0xBD,
	0xBF, 0x7F, 0xF7, 0xFF, 0xEF, 0xBE, 0xFB, 0x6E, 0xFB, 0xBF, 0xF7, 0xFE, 0xF7, 0xFF, 0xFF, 0xDF,
	0xFD, 0xFD, 0xEF, 0x09, 0x55, 0x7F, 0xFF, 0xDF, 0xBF, 0xFB, 0x75, 0x7F, 0x7B, 0x7F, 0xFE, 0x97,
	0x5D, 0xD6, 0xE4, 0x14, 0x24, 0xE0, 0x02, 0x4A, 0x17, 0x04, 0xA0, 0x8E, 0x1E, 0x40, 0x05, 0x20,
	0x0C, 0x08, 0x02, 0xA5, 0x20, 0x3B, 0xF7, 0xFF, 0xEF, 0xF2, 0x88, 0x08, 0x0A, 0xAB, 0xBF, 0xEF,
	0xFD, 0xBE, 0xFF, 0xBF, 0xFD, 0xDF, 0xFB, 0xFF, 0x7F, 0xFF, 0xBB, 0xFF, 0xED, 0xF7, 0xFD, 0xFE,
	0xDF, 0xDF, 0xBE, 0xFF, 0xDF, 0xFF, 0xFF, 0xFF, 0xDF, 0xFB, 0xFF, 0xEF, 0xDF, 0x7E, 0xFF, 0xF7,
	0xFC, 0xA5, 0x3B, 0x7E, 0xFF, 0xFF, 0xFF, 0xFD, 0xDF, 0xAF, 0x65, 0x5D, 0xDF, 0x6B, 0x57, 0x6A,
	0x5A, 0xCA, 0x12, 0x61, 0x41, 0x20, 0xAC, 0x82, 0x12, 0x22, 0x8A, 0x90, 0x9C, 0x90, 0x2E, 0x40,
	0x5D, 0x10, 0x88, 0xBF, 0xDF, 0xFF, 0xFF, 0xFD, 0x45, 0x00, 0x41, 0x06, 0xFD, 0xFF, 0x7F, 0xF7,
	0xFB, 0xFF, 0xBF, 0xFF, 0xFF, 0xFB, 0xFF, 0xF7, 0xFF, 0xFD, 0xFF, 0xFF, 0xF7, 0xF7, 0xFF, 0x7D,
	0xFF, 0xFF, 0xFF, 0xFF, 0xDF, 0xFF, 0x7F, 0xEF, 0xDF, 0x7D, 0xFB, 0xFB, 0xEF, 0x7F, 0xBA, 0x2A,
	0xD4, 0xFF, 0xFF, 0xFF, 0xFF, 0xDD, 0xF5, 0xEF, 0x6F, 0xAF, 0xFB, 0x7A, 0xBD, 0xF6, 0xAA, 0x21,
	0x05, 0x08, 0x08, 0x9A, 0x50, 0x11, 0x64, 0x00, 0x21, 0x28, 0x68, 0x02, 0x04, 0x02, 0x08, 0x4D,
	0x42, 0x7F, 0x7F, 0xFF, 0xBF, 0xFF, 0xFE, 0xA4, 0x20, 0xAB, 0xF7, 0xBF, 0xEE, 0xFF, 0xEF, 0xFB,
	0xFF, 0xFD, 0xDF, 0xEF, 0xFB, 0xBF, 0xFF, 0xEF, 0xBF, 0xDF, 0xFF, 0xFF, 0xFD, 0xFF, 0xFB, 0xF6,
	0xFD, 0xDB, 0x7B, 0x6B, 0xFE, 0xFF, 0xFD, 0xFF, 0xBF, 0xEF, 0xFD, 0xFF, 0xE1, 0x52, 0x6D, 0xFF,
	0xEE, 0xFE, 0xFF, 0x7E, 0xBE, 0xAF, 0x9A, 0xEF, 0xFE, 0xDD, 0x6F, 0x5A, 0xE5, 0x1A, 0x68, 0x40,
	0x62, 0x44, 0x05, 0x02, 0x70, 0x92, 0x14, 0x44, 0x01, 0x28, 0x06, 0x08, 0x00, 0x1E, 0x20, 0xFF,
	0xFF, 0x76, 0xFD, 0xBF, 0xFF, 0x01, 0x34, 0x83, 0xBF, 0xF3, 0xFF, 0xDE, 0xFF, 0xEF, 0xFB, 0x6F,
	0xFD, 0xFF, 0xFF, 0xFE, 0xEE, 0xFF, 0xFD, 0xFE, 0xDF, 0xDF, 0xF7, 0xEF, 0xBF, 0xBF, 0xDF, 0x7F,
	0xFF, 0xFF, 0xF7, 0xDE, 0xFF, 0xEF, 0xFE, 0xFF, 0xBF, 0xDA, 0x15, 0x49, 0xB3, 0xFB, 0xFF, 0xFF,
	0xFD, 0xD7, 0x6B, 0xEF, 0x7B, 0xB4, 0x7F, 0x6F, 0xFB, 0xFB, 0xF6, 0xA4, 0x92, 0x00, 0xF0, 0xAA,
	0xAA, 0x01, 0x24, 0x08, 0x22, 0x2A, 0x00, 0x44, 0x0D, 0x00, 0x22, 0x4C, 0x94, 0xEF, 0xFF, 0xFF,
	0xFF, 0xFF, 0xBD, 0xA8, 0xA0, 0x55, 0xFF, 0x75, 0xBB, 0xFF, 0xFD, 0xBF, 0xBF, 0xFF, 0xFF, 0xBF,
	0x6F, 0xFF, 0xFF, 0xFD, 0xF7, 0xFB, 0xFF, 0x7D, 0xBF, 0xFD, 0xFE, 0xFF, 0x7B, 0xF6, 0xDE, 0xFE,
	0xDF, 0xFB, 0xEF, 0xBD, 0xEF, 0xDE, 0xFF, 0xFD, 0xAA, 0x96, 0xD7, 0xFF, 0xFF, 0xF7, 0xFF, 0x5B,
	0x3D, 0x5F, 0xA4, 0xF3, 0xBF, 0x75, 0x5E, 0xDA, 0x6B, 0xC2, 0x89, 0x40, 0xF8, 0x48, 0x10, 0x48,
	0x8A, 0x5C, 0x95, 0x41, 0x00, 0xEA, 0x44, 0x42, 0x80, 0x24, 0x41, 0xFD, 0xFF, 0xFF, 0xFF, 0xFB,
	0xFF, 0xC2, 0x02, 0x24, 0xED, 0xF5, 0xFF, 0x7B, 0xBF, 0xFE, 0xFF, 0xFE, 0xEF, 0xFD, 0xFE, 0xF7,
	0xFB, 0xB7, 0xFF, 0xBF, 0xFD, 0xFF, 0xFF, 0xBF, 0xEB, 0xF7, 0xFF, 0xFF, 0xFB, 0xDB, 0xFE, 0xFF,
	0xBD, 0xFF, 0xBD, 0xFB, 0xF6, 0xD2, 0x15, 0x2A, 0xAF, 0xFF, 0xFF, 0xFF, 0xFE, 0xFD, 0xB7, 0xEF,
	0x5F, 0x5E, 0xBB, 0x5F, 0xEB, 0xFD, 0xB9, 0x54, 0xB0, 0x24, 0xF1, 0x25, 0xA5, 0x00, 0x59, 0x3E,
	0x00, 0x54, 0x22, 0xC1, 0x0D, 0x00, 0x0B, 0x02, 0xA9, 0xFF, 0xF7, 0xFF, 0xFF, 0xFF, 0xFF, 0xE0,
	0x80, 0x42, 0xFF, 0xDB, 0xEF, 0xEF, 0xF7, 0xFF, 0xFF, 0xF7, 0xFE, 0xFF, 0xFF, 0xFF, 0x6F, 0xFF,
	0xDF, 0xFF, 0xF7, 0xF7, 0xF7, 0xF7, 0x7F, 0xDD, 0xEF, 0x6F, 0xBF, 0xFF, 0xFB, 0xDE, 0xFF, 0xEE,
	0xFF, 0xFF, 0xFF, 0xFA, 0x84, 0x4B, 0x5F, 0xEF, 0xBF, 0xBF, 0xED, 0xAA, 0xDA, 0xBF, 0xFF, 0x77,
	0xCF, 0xB5, 0x7E, 0xAD, 0xC8, 0xAF, 0xFF, 0x50, 0x00, 0x14, 0x92, 0x82, 0x5C, 0xB6, 0x45, 0x22,
	0x80, 0x54, 0x20, 0x03, 0xA3, 0x92, 0x05, 0xDF, 0xDF, 0x77, 0xEE, 0xFF, 0xEF, 0xE4, 0xC9, 0x14,
	0xDF, 0xFF, 0xBD, 0xFF, 0xDF, 0xF7, 0xF6, 0xDF, 0xFB, 0xF7, 0xFB, 0xDF, 0xFF, 0xFF, 0xFE, 0xFB,
	0xBF, 0xFE, 0xDE, 0xFF, 0xFF, 0x7F, 0xBD, 0xFD, 0xF7, 0x6F, 0x6F, 0xF7, 0xF6, 0xFB, 0xED, 0x6F,
	0xBB, 0x61, 0x52, 0x95, 0xBF, 0xBF, 0xFD, 0xFF, 0xFD, 0xFF, 0x5F, 0xDF, 0xFE, 0xD5, 0x6F, 0xBF,
	0xAB, 0xFE, 0xFF, 0xFF, 0xFE, 0x08, 0x12, 0x8A, 0x4A, 0x48, 0x14, 0x1C, 0x10, 0x95, 0x20, 0x02,
	0x84, 0x91, 0x83, 0x81, 0x53, 0xFF, 0xFF, 0xFF, 0x7F, 0xEE, 0xFE, 0xF1, 0x80, 0x4A, 0x7B, 0x7F,
	0xFF, 0xBE, 0xFE, 0xDF, 0xBF, 0xFF, 0xDF, 0xFF, 0xBF, 0xFD, 0xFF, 0xBD, 0xFF, 0xEF, 0xFF, 0xBF,
	0xFF, 0xDD, 0xDB, 0xFB, 0xFF, 0xDF, 0xDF, 0xFD, 0xFE, 0xDF, 0xDF, 0xBF, 0xBF, 0xFD, 0xE8, 0x94,
	0x20, 0xA5, 0x7F, 0xFF, 0xFF, 0xFF, 0x7E, 0xB6, 0xB5, 0x7F, 0xF7, 0x77, 0xF3, 0x6A, 0xFE, 0xAB,
	0x7F, 0xF0, 0x71, 0xA1, 0x00, 0x02, 0x29, 0x20, 0x01, 0x21, 0x22, 0x48, 0x80, 0x08, 0x01, 0x80,
	0x08, 0x08, 0x8F, 0xFD, 0xFF, 0xFF, 0xFF, 0xFF, 0xFF, 0xF8, 0x56, 0x05, 0x7F, 0xF5, 0xFE, 0xFB,
	0xFF, 0xFE, 0xFF, 0xFC, 0x7F, 0xDE, 0xFF, 0x7F, 0xFD, 0xF7, 0xBB, 0xFF, 0xF7, 0xFB, 0xFB, 0xFF,
	0xFF, 0xEF, 0xEE, 0xFD, 0xFD, 0xBF, 0xF7, 0xFE, 0xFD, 0xFB, 0xF7, 0xB7, 0xF9, 0xAA, 0xD6, 0x12,
	0x7B, 0xFF, 0xFF, 0xFD, 0xFE, 0xFF, 0xFF, 0xBF, 0xE8, 0xDA, 0xBB, 0x75, 0x2B, 0xFD, 0xBF, 0xAF,
	0xA4, 0xDC, 0x20, 0x15, 0x44, 0x83, 0x94, 0x90, 0x10, 0x24, 0x52, 0x02, 0xA4, 0xC4, 0x20, 0x40,
	0x27, 0xF7, 0xFF, 0xFF, 0xFF, 0xFF, 0xFF, 0xFA, 0x03, 0x42, 0x37, 0xDA, 0x6F, 0xEF, 0xDB, 0xFF,
	0xFB, 0xFD, 0xBD, 0xFF, 0xF7, 0xF7, 0xB7, 0xFF, 0xFF, 0xBE, 0xDE, 0xEF, 0x6F, 0x7F, 0x77, 0x7E,
	0xFB, 0xF7, 0xBF, 0xF7, 0xBF, 0xBB, 0xF7, 0xEF, 0x7D, 0xFF, 0x57, 0x25, 0x50, 0xA9, 0xFF, 0xFE,
	0xEF, 0xFF, 0xFF, 0x5B, 0x55, 0x5F, 0xEF, 0x57, 0xD4, 0xCF, 0xDE, 0xB7, 0x5D, 0xEB, 0x56, 0x52,
	0x84, 0x01, 0x2A, 0x2B, 0x80, 0x4A, 0x38, 0x92, 0x08, 0x40, 0x10, 0x00, 0x85, 0x0E, 0x1E, 0xDF,
	0xFB, 0xBB, 0xFB, 0xBF, 0xDD, 0xDC, 0x90, 0x09, 0xBE, 0xF7, 0x7F, 0xFF, 0x7F, 0x6D, 0xEF, 0x6D,
	0xEF, 0xF7, 0xFF, 0xFD, 0xFF, 0xFF, 0xFE, 0xFB, 0xFF, 0xFF, 0xFF, 0xED, 0xFF, 0xFB, 0xDF, 0xBF,
	0xF7, 0xDE, 0xFD, 0xEF, 0xBF, 0x7D, 0xDE, 0xDD, 0xF4, 0x54, 0x9A, 0x25, 0xFF, 0xFB, 0xFF, 0xEF,
	0xFF, 0xBD, 0xFF, 0x0F, 0xEF, 0x7D, 0x77, 0x5F, 0xEB, 0xFB, 0xDF, 0xD4, 0xD3, 0x5A, 0xA1, 0x08,
	0x91, 0x41, 0x85, 0x00, 0x8C, 0x29, 0xA8, 0x08, 0x02, 0x15, 0xE0, 0x46, 0x9F, 0xFF, 0xDF, 0xFF,
	0xDF, 0xFB, 0xFF, 0xFE, 0x01, 0x42, 0x5F, 0xEF, 0x7B, 0x7D, 0xFD, 0xFF, 0xBF, 0xFD, 0x3F, 0x7F,
	0xBE, 0xED, 0x71, 0xB6, 0xDB, 0xFF, 0xF6, 0xDD, 0xDD, 0xFF, 0xDB, 0xBF, 0xFE, 0xFD, 0xFE, 0xFF,
	0xDF, 0xBE, 0xF7, 0xEF, 0xF7, 0xF7, 0x32, 0xA5, 0x45, 0x23, 0xDF, 0x7F, 0xFF, 0x7F, 0xFF, 0xD7,
	0x55, 0xDF, 0xF0, 0xAF, 0xDD, 0xBA, 0xEE, 0xAE, 0xA5, 0xC7, 0x5C, 0x8B, 0x58, 0x41, 0x48, 0x28,
	0x10, 0x55, 0x20, 0x04, 0x94, 0x00, 0x20, 0x43, 0xB2, 0xF0, 0x7F, 0xFF, 0xFF, 0xFF, 0xFF, 0xFF,
	0xFF, 0xFF, 0x10, 0x11, 0x5B, 0x75, 0xDF, 0xEF, 0xEF, 0xEF, 0xFF, 0xFF, 0xFD, 0xFD, 0xFB, 0xFB,
	0x6E, 0xFF, 0xFF, 0xEE, 0xBF, 0xF7, 0x7B, 0xB6, 0xFE, 0xF7, 0x7B, 0xEF, 0x5B, 0xB5, 0xF6, 0xFB,
	0xDD, 0xBE, 0xBD, 0x7E, 0xE4, 0x50, 0x48, 0x97, 0xFD, 0xFF, 0xFF, 0xFF, 0xED, 0xED, 0xFE, 0xCF,
	0x7F, 0xA1, 0x77, 0x75, 0x6F, 0xF7, 0x58, 0xF5, 0x49, 0x55, 0x64, 0x10, 0xAA, 0x82, 0x03, 0x00,
	0x88, 0x82, 0x42, 0x80, 0x88, 0x03, 0xF1, 0xF2, 0x7B, 0xFF, 0x7F, 0xFE, 0xFF, 0xFF, 0xBF, 0xFF,
	0x44, 0x81, 0x2F, 0xFA, 0xAF, 0xBD, 0xBF, 0xBD, 0xFB, 0x6E, 0xF7, 0x9E, 0x3F, 0xFA, 0xF5, 0xFF,
	0xFF, 0xFB, 0xFB, 0xFF, 0xEF, 0xFF, 0xBB, 0xDF, 0xEF, 0xBD, 0xFE, 0xFF, 0x7F, 0xDF, 0x7F, 0xF7,
	0xF7, 0xD5, 0xCA, 0xBD, 0x25, 0x4F, 0xFF, 0xFF, 0xFB, 0xFF, 0xBF, 0xEF, 0x57, 0x6F, 0xBF, 0xFF,
	0x3A, 0xEF, 0xB5, 0x5A, 0xFA, 0x75, 0x56, 0xCA, 0xB7, 0x02, 0x92, 0x51, 0x07, 0xD4, 0x42, 0x11,
	0x59, 0x02, 0x00, 0x0B, 0x70, 0xF5, 0xFF, 0xFB, 0xFE, 0xEF, 0xFE, 0xEF, 0xFB, 0xBB, 0x90, 0x14,
	0x5D, 0xBF, 0x6E, 0xF7, 0xF6, 0xFF, 0xBF, 0xFD, 0x3F, 0x6D, 0xFF, 0xBF, 0xFB, 0xED, 0xB6, 0xBF,
	0xAF, 0x5D, 0xFE, 0xDB, 0xEF, 0xFD, 0xBE, 0xF7, 0xEF, 0xDD, 0xDB, 0x77, 0xED, 0xBB, 0x7F, 0x7B,
	0x90, 0x3C, 0x94, 0x5F, 0xFF, 0xF7, 0xDF, 0xFE, 0xFF, 0xE5, 0xFB, 0xBF, 0xB8, 0xFF, 0xCD, 0xED,
	0xAF, 0xFE, 0xF5, 0x37, 0x36, 0xB2, 0x9A, 0xD2, 0xC9, 0x14, 0x4F, 0xC2, 0xA0, 0x01, 0x48, 0xA6,
	0x12, 0x83, 0xE4, 0xE3, 0xFF, 0xBF, 0xFB, 0xFF, 0xFB, 0xFF, 0xFF, 0xFF, 0xC2, 0x80, 0x0F, 0xFF,
	0xAF, 0xFE, 0xDF, 0xEE, 0xF6, 0xED, 0xFF, 0x76, 0xB6, 0xFF, 0x6F, 0xFF, 0xFF, 0xED, 0xFD, 0xFF,
	0x6F, 0xFE, 0xFE, 0xF7, 0xFB, 0xDE, 0xBB, 0x77, 0xFD, 0xFD, 0xBF, 0xEF, 0xDB, 0xEF, 0x56, 0xBF,
	0x42, 0xBE, 0xEF, 0xFF, 0xFF, 0xF7, 0xFF, 0xE2, 0x55, 0xDF, 0xBF, 0x7F, 0x75, 0xEF, 0xAA, 0xAD,
	0xE9, 0x55, 0xDB, 0xDA, 0xA5, 0xD9, 0x04, 0xA2, 0x26, 0xD4, 0x08, 0x48, 0x25, 0x27, 0x00, 0x11,
	0xD0, 0x0F, 0xDE, 0xFF, 0xFF, 0xFF, 0xDF, 0xFE, 0xFF, 0xFF, 0xC8, 0x20, 0xA6, 0xED, 0xFB, 0xBB,
	0xFB, 0xBF, 0xFF, 0xBD, 0xAF, 0x6E, 0xFF, 0xF7, 0xFF, 0x76, 0xDB, 0xFF, 0x6F, 0xEB, 0xFB, 0x6F,
	0xB7, 0xBF, 0x6F, 0x7B, 0xEF, 0xDE, 0xEF, 0xB7, 0xF6, 0xFD, 0x7E, 0x90, 0x20, 0x36, 0x28, 0x7F,
	0xFF, 0xFF, 0xFF, 0xDF, 0xD7, 0xB4, 0x00, 0x7F, 0xD3, 0x4F, 0x7F, 0xDA, 0xAF, 0xFE, 0xF4, 0x56,
	0x6D, 0x6D, 0x34, 0x54, 0x2A, 0x29, 0x4F, 0xC1, 0x51, 0x02, 0x12, 0x92, 0x20, 0x44, 0x04, 0x5F,
	0x7F, 0xFF, 0xEF, 0xFD, 0xFF, 0xFF, 0xEF, 0xFE, 0xE5, 0x4A, 0x0B, 0xBF, 0xBF, 0xEF, 0xBE, 0xF7,
	0xBF, 0xFD, 0x7D, 0xBF, 0xB7, 0xBD, 0x7D, 0xFF, 0xFE, 0xBB, 0xFB, 0x7E, 0xDF, 0xFB, 0xFE, 0xF5,
	0xFD, 0xEF, 0xBB, 0x7B, 0xBA, 0xFD, 0x7B, 0xB7, 0xEF, 0x74, 0xAA, 0x8D, 0x44, 0xFB, 0xFF, 0x7F,
	0x7F, 0xFF, 0xD5, 0xF2, 0x95, 0x1F, 0xBD, 0xF7, 0x4B, 0xEF, 0x3A, 0xD6, 0xB4, 0x89, 0xB4, 0xB6,
	0x8A, 0xBD, 0x85, 0x48, 0x23, 0x44, 0x08, 0x20, 0x88, 0x50, 0x89, 0x02, 0x51, 0x3F, 0xFF, 0xFB,
	0xBF, 0xEF, 0xFF, 0xFF, 0xFE, 0xEF, 0xF0, 0xC0, 0x23, 0xF6, 0xED, 0xBD, 0xEF, 0xFD, 0xEA, 0xEE,
	0xEF, 0xCD, 0xFD, 0xFD, 0x77, 0xDD, 0xAB, 0xEF, 0x6F, 0xDF, 0xF5, 0x5E, 0xDB, 0xBF, 0xB7, 0xBD,
	0xFF, 0xDE, 0xEF, 0xB7, 0xDE, 0xFD, 0xBA, 0xE2, 0x44, 0x24, 0xA9, 0xEF, 0xFF, 0xFB, 0xFE, 0xFF,
	0xBA, 0x70, 0x42, 0xAF, 0xB7, 0x56, 0xBC, 0xDD, 0xEF, 0xFB, 0x5B, 0x2A, 0xD7, 0xD3, 0xE2, 0xC6,
	0xD1, 0x3A, 0x90, 0x00, 0x44, 0x84, 0x62, 0x8A, 0x2C, 0x06, 0x82, 0xFF, 0xFB, 0xFF, 0xFF, 0xFF,
	0xFF, 0xDF, 0xFF, 0xFF, 0xFC, 0x24, 0x09, 0x7D, 0xFF, 0xFF, 0x7B, 0x5F, 0xBF, 0xBD, 0x7E, 0xB7,
	0xDF, 0x1B, 0xBF, 0xFF, 0xFE, 0xFB, 0xBB, 0x76, 0xDF, 0xEB, 0xBD, 0xED, 0xFD, 0xEF, 0x5A, 0xFB,
	0xBD, 0xFD, 0xF7, 0xAE, 0xEE, 0x95, 0x32, 0x89, 0x13, 0xFF, 0xFB, 0xFF, 0xFF, 0xFF, 0xD7, 0x15,
	0x10, 0x1F, 0x6D, 0xEE, 0xFE, 0xEF, 0xBA, 0xAF, 0xDC, 0x11, 0x4A, 0xCD, 0x5B, 0x2B, 0x6C, 0x99,
	0x4A, 0x09, 0x28, 0x00, 0xE0, 0x41, 0x0E, 0x42, 0x29, 0xFB, 0xFF, 0xDF, 0xFF, 0xBF, 0xDF, 0xFD,
	0xFF, 0xFF, 0xFE, 0x90, 0x44, 0xDF, 0xB5, 0x6C, 0xBF, 0xF6, 0xFF, 0xFB, 0x6F, 0xB7, 0x66, 0xED,
	0x7D, 0xB6, 0xDB, 0xBE, 0xEE, 0xFF, 0xFA, 0xBE, 0xEF, 0x7F, 0x57, 0x7B, 0xFF, 0xAE, 0xEF, 0x6F,
	0x5D, 0xFB, 0xBA, 0xA8, 0xF9, 0x4A, 0xAF, 0xFF, 0xDF, 0xFF, 0xFB, 0xD7, 0xDD, 0xC8, 0x4A, 0xAF,
	0xD6, 0xAD, 0xFE, 0xDA, 0xEF, 0xFA, 0xEF, 0xFE, 0x7B, 0x37, 0x2C, 0x94, 0xB6, 0xC4, 0x25, 0x20,
	0x02, 0xA2, 0x4A, 0x28, 0xAC, 0x00, 0x13, 0xFF, 0xDF, 0xFF, 0xFE, 0xFF, 0x7E, 0xFF, 0xEF, 0xFB,
	0xFC, 0x24, 0x02, 0xF6, 0xFF, 0xFE, 0xA6, 0xDF, 0xD6, 0xDD, 0x7B, 0xCF, 0xDB, 0x6E, 0xEF, 0xFF,
	0xFE, 0xEF, 0xBB, 0xAD, 0x5F, 0xDB, 0xBB, 0xAB, 0xFD, 0xDE, 0xDB, 0xFB, 0xBB, 0xFB, 0xF7, 0x5D,
	0xEE, 0x54, 0x7A, 0x24, 0x4F, 0xBF, 0x7F, 0xEF, 0xFF, 0x2B, 0x6E, 0xE5, 0x00, 0x1F, 0x3A, 0xAB,
	0xFE, 0xCB, 0xFA, 0xAF, 0xAF, 0xF5, 0x2C, 0x58, 0xF3, 0xC6, 0x99, 0x29, 0x50, 0x82, 0x09, 0x10,
	0x00, 0x02, 0x01, 0x10, 0x8F, 0xDF, 0xFF, 0xFE, 0xFB, 0xFF, 0xFF, 0xFF, 0xFF, 0x6F, 0xBB, 0x91,
	0x20, 0x3F, 0xD6, 0xD7, 0x6B, 0xFB, 0x7F, 0xFF, 0xEE, 0xFA, 0xDB, 0x5F, 0xFB, 0x6B, 0x57, 0xBA,
	0xEE, 0xFF, 0xF5, 0x76, 0xEE, 0xFE, 0xAF, 0x6B, 0xEE, 0xDE, 0xEE, 0xBE, 0xB5, 0xB7, 0x7A, 0x89,
	0x7D, 0x91, 0x2E, 0xFD, 0xFF, 0xFF, 0xDE, 0xF9, 0xE1, 0x70, 0x55, 0x4F, 0xF7, 0xF7, 0xE9, 0xBC,
	0xAF, 0xFA, 0xEF, 0xC3, 0x92, 0xD5, 0x8D, 0x78, 0xE4, 0xAA, 0x0A, 0xA8, 0x20, 0x84, 0x20, 0x01,
	0x54, 0x00, 0x5F, 0xFF, 0x7E, 0xFB, 0xEF, 0xFF, 0xFF, 0xFF, 0xFF, 0xFF, 0xF5, 0xC0, 0x45, 0x55,
	0xAB, 0xF5, 0xDD, 0xB7, 0xDB, 0x5B, 0x7F, 0xBF, 0xE7, 0xBF, 0xAE, 0xFF, 0xFD, 0xDF, 0xBB, 0xB5,
	0xBF, 0xBB, 0xBB, 0xB7, 0xFB, 0xFE, 0xBB, 0xF7, 0xBB, 0xEB, 0xDE, 0xED, 0xD6, 0x52, 0x28, 0x56,
	0xBF, 0xFF, 0xFF, 0x7F, 0x7E, 0xD6, 0xE0, 0xAA, 0x00, 0x5F, 0xB2, 0x7B, 0xA7, 0x7F, 0x7A, 0xB7,
	0xAE, 0xB0, 0xCB, 0x4A, 0xB5, 0x56, 0x15, 0x7D, 0x50, 0x90, 0x82, 0x51, 0x04, 0x08, 0x01, 0x04,
	0x3E, 0xFD, 0xFF, 0xEF, 0xFF, 0xFD, 0xFF, 0xEE, 0xFF, 0xFF, 0xFB, 0x6A, 0x00, 0x9F, 0xB7, 0x6D,
	0x6B, 0xFD, 0x7F, 0xFF, 0xDB, 0x6B, 0x7D, 0xF5, 0xFB, 0xB6, 0xD6, 0xF5, 0x6E, 0xDF, 0x6A, 0xD6,
	0xEE, 0xFD, 0xBE, 0xB7, 0xEE, 0xBD, 0xDE, 0xDE, 0xB7, 0x77, 0x60, 0xA8, 0x9A, 0x80, 0x7F, 0xFF,
	0xFF, 0xFF, 0xFE, 0xC9, 0x74, 0x38, 0xAA, 0x2F, 0xF7, 0xBD, 0xF9, 0xF7, 0x6F, 0xDC, 0xEF, 0x8A,
	0xA5, 0x5D, 0x56, 0xAB, 0xA2, 0x8B, 0x4A, 0x54, 0x00, 0x08, 0x40, 0x20, 0x54, 0x41, 0x6F, 0xFF,
	0xFF, 0xFF, 0xFF, 0xFF, 0xFD, 0xFF, 0xF7, 0xFF, 0xFB, 0xB0, 0x14, 0x4D, 0xD6, 0xED, 0xF6, 0xAF,
	0xD5, 0xAD, 0xF7, 0xDF, 0xDA, 0x7F, 0x6E, 0xFB, 0xBF, 0x5F, 0xB7, 0xB5, 0xDE, 0xFB, 0x75, 0xAA,
	0xD7, 0xDA, 0xBB, 0xEE, 0xB7, 0x6B, 0x6D, 0xDD, 0x8A, 0x54, 0x05, 0x6E, 0xFF, 0xEF, 0xFF, 0xFF,
	0xFE, 0xD4, 0x30, 0x0E, 0x01, 0x1F, 0xAD, 0xDE, 0xFF, 0xE3, 0x7A, 0xF7, 0x33, 0x48, 0x55, 0x22,
	0xA9, 0x5C, 0x5D, 0x6A, 0xF5, 0x54, 0x92, 0xE5, 0x11, 0x00, 0x07, 0x14, 0xFF, 0xEF, 0xF7, 0xFF,
	0xFF, 0xAF, 0xF7, 0xFF, 0xFF, 0x7E, 0xFA, 0xDD, 0x01, 0x26, 0xDF, 0x73, 0x8F, 0xFA, 0xFF, 0xFB,
	0x5D, 0x75, 0x77, 0xAD, 0xFB, 0xAE, 0xEB, 0xF5, 0xDA, 0xDE, 0xEB, 0x5D, 0xBE, 0xDF, 0x7A, 0xAF,
	0xEE, 0xBB, 0xDD, 0xBD, 0xB6, 0xF6, 0x29, 0x53, 0x52, 0xA9, 0xFB, 0xBF, 0xF7, 0xF7, 0xFF, 0x41,
	0x19, 0x05, 0x28, 0xAF, 0xEF, 0x5E, 0xAB, 0xDD, 0x5F, 0xBD, 0xD9, 0x93, 0x49, 0xD6, 0xD5, 0x6B,
	0x52, 0x9A, 0xAA, 0x0A, 0x00, 0xE0, 0x84, 0x01, 0x04, 0x41, 0x7F, 0xBF, 0xFF, 0x7F, 0xEF, 0x53,
	0xDF, 0xFF, 0xDF, 0xFB, 0xFD, 0xEE, 0x80, 0x53, 0x69, 0x5E, 0xB5, 0x6F, 0xB6, 0x9E, 0xF7, 0xAF,
	0xDB, 0x7B, 0x5D, 0xFB, 0x7D, 0xBE, 0xF7, 0x6B, 0x5A, 0xD6, 0xD5, 0x6A, 0xAF, 0xB5, 0x77, 0x6D,
	0x6E, 0xEB, 0x5B, 0x5C, 0xA4, 0xA8, 0x49, 0x13, 0xFF, 0xFF, 0x7F, 0xBF, 0xF7, 0x28, 0x88, 0x12,
	0x04, 0x1F, 0xAD, 0xEF, 0x00, 0xFD, 0x75, 0xD4, 0xD6, 0x4A, 0x2C, 0x2B, 0x56, 0xAA, 0xCB, 0x0B,
	0x4E, 0xA5, 0x48, 0x44, 0xA0, 0x80, 0x20, 0x15, 0xF6, 0xFF, 0xBF, 0xFF, 0xBE, 0xDD, 0xFF, 0xEE,
	0xFF, 0xFF, 0xED, 0x75, 0x29, 0x09, 0xB5, 0x53, 0x77, 0xBA, 0xFF, 0x6B, 0x3A, 0xD4, 0xE9, 0x5D,
	0xEE, 0xAD, 0xAD, 0x57, 0x52, 0x7D, 0xAD, 0x7B, 0x7F, 0xB7, 0xD5, 0x7F, 0xBA, 0xB5, 0xB7, 0x75,
	0xED, 0xE9, 0x4B, 0xE5, 0x55, 0x4F, 0xFF, 0xFF, 0xFF, 0xFF, 0x7F, 0x82, 0x45, 0x41, 0x92, 0xAF,
	0xFF, 0xB3, 0x08, 0x7D, 0x7F, 0x75, 0xB5, 0xA6, 0xD3, 0x55, 0x2B, 0xD1, 0x2A, 0xE4, 0xB1, 0xE8,
	0x81, 0x00, 0x08, 0x20, 0x82, 0x43, 0xFF, 0xFE, 0xFF, 0xFB, 0xFD, 0x64, 0xBF, 0xFF, 0xFF, 0xFF,
	0xFE, 0xBF, 0x00, 0x14, 0xAC, 0xAD, 0x8D, 0x6F, 0xAB, 0x6E, 0xCD, 0x7B, 0x3E, 0xEB, 0x75, 0xF6,
	0xF6, 0xFA, 0xD5, 0xA7, 0x6B, 0xAD, 0xAA, 0xDA, 0xBB, 0x54, 0xD5, 0xDE, 0xDA, 0xAE, 0xB7, 0x52,
	0x81, 0xD8, 0x84, 0x9F, 0xEF, 0xFD, 0xFF, 0xFF, 0xFF, 0x90, 0x00, 0x04, 0x22, 0x5F, 0xB5, 0xFB,
	0x81, 0x26, 0xC1, 0xC8, 0xD2, 0x92, 0x8A, 0xAC, 0xB5, 0x2E, 0xB5, 0x72, 0xAE, 0x3A, 0x52, 0x0A,
	0x82, 0x08, 0x01, 0x0F, 0xFF, 0xFF, 0xFD, 0xEF, 0xFD, 0xBB, 0x47, 0xFF, 0xFF, 0xDF, 0xFF, 0x6A,
	0xE8, 0x82, 0x57, 0xB6, 0xF5, 0xB5, 0xFF, 0x5B, 0x6E, 0xAB, 0xAB, 0xBD, 0x9A, 0xAB, 0x5D, 0x57,
	0xAE, 0xB5, 0xAC, 0xB5, 0x5B, 0x56, 0xCA, 0xAF, 0x6E, 0xAB, 0x5D, 0xF5, 0x5A, 0xE9, 0x55, 0xF2,
	0x53, 0x7F, 0xBE, 0xF7, 0xFB, 0xFF, 0xFE, 0xC2, 0xA4, 0x80, 0x00, 0x0F, 0xFF, 0x5D, 0x84, 0x22,
	0xBE, 0x72, 0x6D, 0x49, 0x65, 0xD2, 0xAC, 0x94, 0x55, 0xBD, 0x12, 0xA7, 0x80, 0x20, 0x28, 0xA1,
	0x28, 0x2F, 0xDF, 0xFF, 0xFF, 0xFF, 0xFB, 0xEF, 0xF7, 0xBF, 0xFD, 0xFF, 0xBF, 0xBF, 0x54, 0x21,
	0x2A, 0x52, 0xAB, 0xDE, 0xB5, 0xB6, 0x9A, 0x9B, 0xBD, 0x6A, 0xEE, 0xDD, 0xEA, 0xBA, 0x5E, 0xD5,
	0x6B, 0x55, 0x6D, 0xBB, 0x7B, 0x75, 0x55, 0x6D, 0xAA, 0x95, 0xEF, 0x4A, 0x44, 0xA9, 0x5A, 0x7E,
	0xFF, 0xFF, 0xEF, 0xBB, 0xD3, 0xC8, 0x00, 0x22, 0x4A, 0x9F, 0xAB, 0xED, 0x21, 0x3F, 0x55, 0x90,
	0x0E, 0xAA, 0xAA, 0x6A, 0xB3, 0x6B, 0x6A, 0xEE, 0xC9, 0xA8, 0xB4, 0x00, 0x84, 0x04, 0x02, 0x5F,
	0x7F, 0xEF, 0xFF, 0xFF, 0xFD, 0x7A, 0xBB, 0xFF, 0xF7, 0xFE, 0xFF, 0xAB, 0xD9, 0x0A, 0x95, 0xAA,
	0xA5, 0x6B, 0xEF, 0xEF, 0xED, 0xDB, 0x56, 0xBE, 0xB5, 0x6A, 0xB5, 0xAE, 0xDF, 0x5A, 0xBD, 0xEB,
	0x55, 0x55, 0xAA, 0x95, 0xAF, 0xB6, 0xD5, 0x6A, 0xB5, 0xA5, 0x2A, 0x25, 0x22, 0xEF, 0xFF, 0xFF,
	0xFE, 0xFF, 0xF5, 0xE0, 0x48, 0x80, 0x00, 0x0F, 0xFE, 0xBD, 0x00, 0x39, 0xC0, 0x94, 0x95, 0x25,
	0x55, 0xB4, 0xC8, 0xA5, 0x5F, 0x3B, 0xF4, 0x2E, 0x4D, 0x94, 0x70, 0x01, 0x08, 0x3F, 0xFD, 0xFE,
	0xF7, 0xFF, 0xBA, 0x9D, 0x6B, 0xFD, 0xDF, 0xFF, 0xFD, 0xDD, 0x6E, 0x41, 0x4A, 0x95, 0x5D, 0xBD,
	0x75, 0x75, 0x55, 0xD4, 0xEB, 0x4B, 0x5B, 0xAF, 0x5D, 0x69, 0x3F, 0xA7, 0x56, 0xAD, 0x55, 0x55,
	0x55, 0x6E, 0xF5, 0x5A, 0xB6, 0xAA, 0x96, 0x84, 0x51, 0x52, 0xAB, 0xFF, 0xFF, 0xBE, 0xBE, 0x7F,
	0xF0, 0xF4, 0x04, 0x11, 0x08, 0x2F, 0xAB, 0xE8, 0x88, 0x8B, 0x14, 0x50, 0x02, 0x91, 0x2C, 0x96,
	0x27, 0x56, 0x56, 0xCE, 0xAF, 0x41, 0x12, 0x60, 0x75, 0x40, 0x41, 0x7D, 0xFF, 0xFF, 0xFF, 0xBD,
	0xFD, 0xD5, 0xBD, 0xFF, 0xFF, 0xF7, 0xFF, 0xEF, 0xAF, 0x94, 0x25, 0x4A, 0xBE, 0xD7, 0xBF, 0xBB,
	0xEE, 0x5F, 0x5A, 0xB5, 0xA4, 0xB2, 0xA5, 0x5B, 0xFF, 0xD5, 0xAA, 0xB5, 0x6A, 0xAA, 0xAA, 0xA9,
	0x56, 0xD5, 0x55, 0x55, 0x6B, 0x53, 0x55, 0x14, 0x17, 0xFF, 0xFD, 0xFE, 0xBD, 0x87, 0x75, 0x30,
	0x90, 0x04, 0x42, 0x8F, 0xFE, 0xBA, 0x22, 0x3E, 0x81, 0x20, 0x25, 0x5C, 0xA6, 0x6B, 0x94, 0x4A,
	0xDF, 0xF3, 0xF5, 0xB5, 0x4A, 0xBA, 0x20, 0x10, 0x10, 0xF7, 0xFF, 0xBF, 0xFF, 0xFF, 0xFB, 0xEE,
	0xB5, 0xF7, 0xFF, 0xFF, 0xF7, 0xF5, 0x5F, 0xD0, 0xA9, 0x52, 0xB6, 0xAA, 0xD5, 0xDA, 0xB7, 0x69,
	0x55, 0xAA, 0xAA, 0xAD, 0x55, 0x57, 0xFD, 0xEA, 0xD7, 0x56, 0xB5, 0xB5, 0xAB, 0x56, 0xAB, 0x6A,
	0xBB, 0x6D, 0xB5, 0x17, 0xA4, 0xAA, 0xCE, 0xFB, 0xF7, 0xFD, 0xCD, 0xA1, 0xF0, 0x98, 0x05, 0x40,
	0x10, 0x2F, 0xB7, 0xF0, 0x08, 0x3E, 0x50, 0x34, 0x80, 0xA4, 0xAB, 0x2A, 0xCA, 0xDB, 0xA5, 0x5C,
	0x3A, 0xD4, 0xA5, 0x57, 0x45, 0x45, 0x47, 0xFF, 0xF7, 0xFF, 0xFF, 0xFF, 0xFD, 0xDE, 0xDD, 0xFF,
	0xFF, 0xDF, 0xFF, 0xF7, 0x7F, 0xFE, 0x48, 0xAC, 0x9C, 0xDE, 0xBE, 0xED, 0xDA, 0xAE, 0xDA, 0xAD,
	0x56, 0xA5, 0xAA, 0xCF, 0xF7, 0xFD, 0x5A, 0xAA, 0xAA, 0xAA, 0xAA, 0xB5, 0x6A, 0xAA, 0xAA, 0xB6,
	0xAA, 0x87, 0x95, 0x12, 0xBF, 0xEF, 0xBE, 0xFE, 0xB5, 0x08, 0xFA, 0x4C, 0x40, 0x15, 0x01, 0x0F,
	0xFA, 0xA2, 0x81, 0x34, 0x01, 0x28, 0x0A, 0x16, 0x52, 0xCA, 0x63, 0x4A, 0xFB, 0xFF, 0xCF, 0x22,
	0x18, 0x55, 0x58, 0x10, 0x1B, 0xBF, 0xFF, 0xFB, 0xBD, 0xFF, 0xEF, 0x6E, 0xF5, 0xFF, 0xFF, 0x7F,
	0xDF, 0xD9, 0x9E, 0xFF, 0xAA, 0x52, 0xC3, 0x69, 0xD5, 0x56, 0xAD, 0xF3, 0x6A, 0xD5, 0x55, 0x5A,
	0xB5, 0x5F, 0x7F, 0xFC, 0xAA, 0xD5, 0x55, 0x55, 0x55, 0x52, 0x96, 0xAA, 0x55, 0x55, 0x55, 0x57,
	0x48, 0xAA, 0x7F, 0xFF, 0xFD, 0x37, 0x7F, 0x85, 0x3A, 0xA4, 0x00, 0x00, 0xA8, 0x2F, 0xAF, 0xF0,
	0x24, 0x7C, 0x48, 0x68, 0x41, 0xA3, 0x18, 0xAB, 0x58, 0xD3, 0xAC, 0x2B, 0x70, 0xAA, 0xD7, 0x7A,
	0xAB, 0xA2, 0xFF, 0xFF, 0xBF, 0xFF, 0xFF, 0xEE, 0xFC, 0xA6, 0xAB, 0xFF, 0xBD, 0xFF, 0x7F, 0x7D,
	0xE7, 0xFB, 0xCA, 0x95, 0x5A, 0xB4, 0xBF, 0xEB, 0xF6, 0xAD, 0x2A, 0x55, 0x4A, 0xAA, 0xAB, 0x3D,
	0xFF, 0xBE, 0xAD, 0x55, 0x2A, 0xAA, 0xAA, 0xAD, 0x6A, 0xAB, 0x55, 0x55, 0x54, 0x03, 0xD2, 0x91,
	0x77, 0x7F, 0xFB, 0xDF, 0x56, 0x90, 0x5C, 0x11, 0x09, 0x44, 0x05, 0x3F, 0xFB, 0x60, 0x01, 0x38,
	0x01, 0x99, 0x04, 0x49, 0xA6, 0xA9, 0x5E, 0x3C, 0xF7, 0xD6, 0xDA, 0x91, 0x5A, 0x56, 0x74, 0x9F,
	0xFF, 0xFD, 0xFF, 0x7F, 0xFF, 0xFF, 0xF3, 0xFA, 0xF7, 0xEE, 0xFF, 0xFF, 0xFF, 0xFE, 0xBB, 0xEF,
	0xF2, 0x25, 0x55, 0x57, 0x55, 0x5A, 0x9B, 0xCD, 0x55, 0x55, 0x2A, 0xAA, 0xD5, 0x7F, 0xFE, 0xFF,
	0x55, 0x5A, 0x85, 0x55, 0x55, 0x55, 0x55, 0x55, 0x55, 0x55, 0x4B, 0x42, 0x2A, 0x6D, 0xFF, 0xFF,
	0xFA, 0xAF, 0x7B, 0x85, 0x1D, 0x48, 0x20, 0x10, 0x50, 0xFF, 0xAF, 0xE2, 0x28, 0x71, 0x74, 0x5C,
	0x22, 0xA4, 0xCA, 0xAA, 0xA5, 0xAB, 0x1D, 0xB3, 0x65, 0x57, 0x55, 0x6A, 0x15, 0x7F, 0xFE, 0xF7,
	0xFF, 0xFF, 0xFF, 0xFF, 0xEE, 0xAD, 0xAF, 0xFF, 0xFF, 0xFF, 0xFF, 0xFE, 0xED, 0xFF, 0xFC, 0x95,
	0x5A, 0xB6, 0x6A, 0xAD, 0x6D, 0x62, 0xAA, 0xAA, 0xD5, 0x56, 0xAA, 0xFF, 0xEF, 0xFB, 0xA5, 0x49,
	0x54, 0xAA, 0xAA, 0xAA, 0x95, 0x55, 0x54, 0x52, 0x28, 0x15, 0xAA, 0xA3, 0xFF, 0xFA, 0xBB, 0xF7,
	0x6E, 0xA0, 0x84, 0x04, 0x82, 0x42, 0x05, 0xFF, 0xFA, 0xA0, 0x01, 0xC0, 0xF8, 0x18, 0x00, 0xAA,
	0x65, 0x56, 0x5A, 0xD7, 0xE6, 0xD8, 0x94, 0x85, 0x16, 0xAD, 0x6B, 0xFB, 0x6F, 0xFF, 0xFD, 0xF7,
	0xEF, 0x7F, 0xF3, 0xFB, 0xDF, 0xFF, 0xFF, 0xFF, 0xFD, 0xFD, 0xB6, 0xFF, 0xFF, 0x4A, 0xAD, 0x52,
	0xBB, 0x72, 0xD6, 0xBA, 0xB5, 0x55, 0x2A, 0xAA, 0xA9, 0xEF, 0xBF, 0xFF, 0xD5, 0x6A, 0xA2, 0xAA,
	0xAA, 0xAA, 0xAA, 0xAA, 0x93, 0x2A, 0xA2, 0x4C, 0x55, 0xAF, 0xEF, 0xEE, 0x95, 0xAB, 0xBB, 0xC0,
	0x26, 0x42, 0x08, 0x00, 0x17, 0xFF, 0xBF, 0xE8, 0x88, 0x24, 0xF9, 0x4D, 0x24, 0x11, 0x31, 0x4B,
	0xAA, 0xB5, 0x59, 0xEF, 0x2A, 0x75, 0x2B, 0x55, 0x67, 0xFF, 0xFF, 0xFF, 0xF7, 0xFF, 0x7F, 0xFB,
	0xBD, 0xAD, 0x5F, 0x7F, 0xFF, 0xFB, 0xF7, 0xF6, 0xED, 0xFE, 0xEF, 0xFA, 0xD5, 0xAD, 0x54, 0x96,
	0xB9, 0xD5, 0x55, 0x52, 0xAA, 0xAA, 0xB7, 0xFE, 0xFF, 0xFF, 0xEA, 0x95, 0x5A, 0x4D, 0x54, 0x55,
	0x52, 0x55, 0x68, 0x95, 0x50, 0xB7, 0xE9, 0x5F, 0xFE, 0xFD, 0xEF, 0xF9, 0xAE, 0xA4, 0x10, 0x00,
	0x40, 0x95, 0x7F, 0xFF, 0xEA, 0xE0, 0x02, 0x80, 0xD8, 0x1C, 0xC0, 0x8A, 0xAD, 0x64, 0x8A, 0xAA,
	0xEE, 0x34, 0xA5, 0x56, 0xB5, 0xAB, 0xDF, 0xDF, 0xFF, 0xBF, 0xDF, 0xFF, 0xFF, 0xFF, 0xFC, 0xFA,
	0xFD, 0xFF, 0xF7, 0xDF, 0xDF, 0xFE, 0xAA, 0xDF, 0xFF, 0xFE, 0x56, 0xB4, 0xAA, 0xAA, 0xD6, 0x55,
	0x55, 0x55, 0x55, 0x55, 0xA7, 0xFF, 0xFF, 0x77, 0xB2, 0xD5, 0x45, 0x2A, 0x93, 0x54, 0x89, 0x55,
	0x2A, 0xCA, 0x0A, 0xAA, 0xB7, 0x3F, 0xBF, 0xFD, 0x7D, 0x5E, 0x7F, 0xF1, 0x02, 0x20, 0x00, 0x00,
	0xFF, 0xAF, 0xBF, 0xB1, 0x00, 0x50, 0x7A, 0x89, 0x91, 0xE4, 0x12, 0x2A, 0xE5, 0x76, 0x5B, 0x92,
	0x94, 0xF5, 0xB8, 0x63, 0x3F, 0x7F, 0xFD, 0xFE, 0xFF, 0xFF, 0xFF, 0xDF, 0xFF, 0x6A, 0xFF, 0xFB,
	0xDF, 0x7F, 0xFF, 0xDE, 0xEF, 0xFF, 0xFE, 0xFF, 0xAA, 0xAA, 0xB5, 0x29, 0x6A, 0xAA, 0xAA, 0xAA,
	0xAA, 0xAA, 0x5F, 0xBB, 0xFD, 0xFF, 0xF9, 0x2A, 0xA9, 0x55, 0x54, 0xAA, 0xAA, 0xAA, 0xAA, 0x29,
	0x41, 0x76, 0xAA, 0xFE, 0xFF, 0xFD, 0xD7, 0xE3, 0xAA, 0xA8, 0x21, 0x02, 0x24, 0x95, 0xDF, 0xBF,
	0xED, 0xE0, 0x2A, 0x24, 0x84, 0x48, 0x44, 0xE2, 0xA9, 0x5A, 0xAA, 0x95, 0xAD, 0x64, 0x65, 0x11,
	0xFA, 0x29, 0x7F, 0xFE, 0xEF, 0xFB, 0xFF, 0xF7, 0xFD, 0xFF, 0xFF, 0x77, 0xFF, 0xFF, 0xFF, 0xFF,
	0xFF, 0xFF, 0x73, 0xFD, 0xFB, 0xEF, 0xD5, 0x55, 0x4A, 0xD5, 0x55, 0xAA, 0xAA, 0x55, 0x52, 0x55,
	0x3E, 0xFF, 0xF7, 0xFF, 0xFC, 0xA8, 0xA4, 0x8A, 0x55, 0x4A, 0x54, 0x54, 0x55, 0x54, 0x2E, 0xAB,
	0xD9, 0xFF, 0xFF, 0xDE, 0xFD, 0x69, 0xF5, 0xFC, 0x80, 0x10, 0x8A, 0x5F, 0xFD, 0x7F, 0xBF, 0x74,
	0x00, 0x90, 0x22, 0x1A, 0x81, 0xCA, 0x94, 0x95, 0x2D, 0x6D, 0xD2, 0x95, 0x94, 0xA4, 0xF9, 0x94,
	0xFF, 0xFB, 0xFF, 0xFF, 0xFF, 0xDF, 0xF7, 0xFD, 0xDF, 0xAF, 0xEF, 0xDF, 0xFF, 0xFF, 0xFF, 0xFF,
	0x5C, 0x7F, 0xDF, 0xFF, 0xE5, 0x54, 0xA8, 0x15, 0x5A, 0xAA, 0xA9, 0x55, 0x29, 0x4A, 0x7F, 0xFF,
	0xDF, 0xFE, 0xFE, 0x45, 0x55, 0x55, 0x55, 0x29, 0x53, 0x2A, 0xAA, 0x42, 0x92, 0xDC, 0xA7, 0xF7,
	0xFB, 0x7F, 0x69, 0xA4, 0xB0, 0x17, 0x12, 0x40, 0x00, 0x7F, 0xFD, 0xDF, 0xED, 0xD1, 0x08, 0x44,
	0x99, 0x21, 0x68, 0x10, 0x44, 0xCA, 0x95, 0x54, 0xBA, 0x66, 0x2B, 0x45, 0xA8, 0x95, 0xFD, 0xFF,
	0xFF, 0xFF, 0xFF, 0xFF, 0xBF, 0xFF, 0x27, 0x6F, 0xFE, 0xFF, 0xFF, 0xFE, 0xFE, 0xFF, 0xB7, 0xBF,
	0xFF, 0xFD, 0xF2, 0xAA, 0x57, 0x6A, 0xAA, 0x55, 0x54, 0x92, 0xAA, 0xA9, 0xF7, 0xFF, 0x7F, 0xEF,
	0xEF, 0x2A, 0xA9, 0x4A, 0xAA, 0xAA, 0x49, 0x49, 0x40, 0xA8, 0xED, 0x6B, 0xAF, 0xFF, 0xFF, 0xFF,
	0xB4, 0x72, 0x7A, 0x81, 0x41, 0x09, 0x2B, 0xEE, 0xF3, 0x7F, 0xBF, 0x78, 0x42, 0x28, 0x3C, 0x0A,
	0x02, 0x06, 0xA5, 0x64, 0xA5, 0xA6, 0xAB, 0x14, 0xB4, 0x90, 0x7A, 0x8B, 0xFF, 0xEF, 0xFF, 0xBF,
	0xFE, 0xFF, 0xFF, 0x7F, 0x77, 0xAF, 0xFF, 0xFE, 0xFF, 0xFF, 0xEF, 0xF7, 0xDD, 0xCE, 0xFF, 0xBF,
	0xBA, 0xAA, 0xA9, 0x2D, 0x55, 0x55, 0x46, 0x55, 0x54, 0xA9, 0xFF, 0xED, 0xFF, 0xFF, 0xFF, 0x92,
	0x54, 0x52, 0xA2, 0x95, 0x55, 0x24, 0x9D, 0x25, 0x56, 0xB5, 0x5F, 0xDF, 0xDF, 0xFF, 0x99, 0x12,
	0x90, 0x54, 0x08, 0x24, 0x47, 0xFF, 0xD7, 0xCF, 0xEB, 0xEC, 0x08, 0x51, 0x7C, 0x41, 0x68, 0x40,
	0x12, 0xBA, 0xB5, 0x52, 0xA5, 0xD2, 0xAA, 0x4A, 0xF2, 0x47, 0xF7, 0xFF, 0xEE, 0xFF, 0xF7, 0xFF,
	0xFE, 0x9E, 0xDB, 0x7A, 0xF7, 0xFF, 0xF7, 0x7F, 0xFF, 0xFF, 0xEF, 0x6F, 0xFD, 0xFF, 0xF9, 0x49,
	0x5D, 0xD5, 0x55, 0x55, 0x52, 0x92, 0x8A, 0xA7, 0xBF, 0x7F, 0xFF, 0xBF, 0xBF, 0xC9, 0x4A, 0xAA,
	0x95, 0x51, 0x28, 0xAA, 0x5E, 0x0B, 0x7B, 0xDE, 0xFF, 0x7F, 0x7F, 0xFB, 0xEC, 0x89, 0x59, 0x01,
	0x00, 0x02, 0x3F, 0x7B, 0xBD, 0xBF, 0xBE, 0xBC, 0xA2, 0x14, 0x39, 0x12, 0x20, 0x01, 0x48, 0x54,
	0x94, 0xAC, 0xAB, 0x4B, 0x48, 0x05, 0x05, 0x1F, 0xFF, 0xFF, 0xBF, 0xFD, 0xDF, 0xFE, 0xFF, 0xEE,
	0xDB, 0xA5, 0xDF, 0xFF, 0xFF, 0xF7, 0xFF, 0xDF, 0xF5, 0xF7, 0xEF, 0xFB, 0xFE, 0xA4, 0xBC, 0x55,
	0x55, 0x52, 0xA4, 0xAA, 0xAA, 0x4F, 0xFD, 0xFF, 0xFE, 0xFD, 0xFD, 0xF2, 0x22, 0xAA, 0x55, 0x4A,
	0x95, 0x21, 0x0C, 0xBD, 0x4A, 0x49, 0xFF, 0xFD, 0xFF, 0xFF, 0xEE, 0x54, 0x0C, 0x14, 0x24, 0x90,
	0xFF, 0xFF, 0x6F, 0x7F, 0xEF, 0xEC, 0x00, 0x54, 0x08, 0x41, 0x54, 0xB0, 0x25, 0x2E, 0x56, 0x56,
	0xAD, 0x55, 0x29, 0x20, 0xA8, 0xBF, 0xBF, 0xBF, 0xFF, 0xFF, 0xFF, 0xFF, 0xFF, 0xEE, 0xA7, 0x6E,
	0x7F, 0xEF, 0xFF, 0xFF, 0xFD, 0xFF, 0xDA, 0xAF, 0xFF, 0x7F, 0xFE, 0x52, 0x59, 0xAA, 0xAA, 0xAA,
	0x92, 0x55, 0x55, 0x3F, 0xF7, 0xFF, 0xFB, 0xFF, 0xFF, 0xF9, 0x54, 0x95, 0x49, 0x25, 0x40, 0x85,
	0x52, 0xD5, 0xB7, 0xB7, 0xEF, 0xFF, 0xFD, 0xDF, 0xF5, 0x02, 0x84, 0x80, 0x00, 0x27, 0xEF, 0xFC,
	0xFA, 0xFF, 0xBA, 0xFE, 0x12, 0x2B, 0x42, 0x08, 0x11, 0x12, 0x04, 0xCB, 0x92, 0xA9, 0x45, 0x59,
	0x92, 0x4A, 0x95, 0x6F, 0xFF, 0xFE, 0xFF, 0xFF, 0xFF, 0xF7, 0xF7, 0xED, 0xB3, 0x7B, 0x7F, 0xBF,
	0x7F, 0xFF, 0x77, 0xFE, 0xFD, 0xF7, 0x7D, 0x5E, 0x57, 0x29, 0x02, 0xAA, 0xAA, 0x95, 0x49, 0x24,
	0x90, 0x7E, 0xFE, 0xFD, 0xEF, 0xFF, 0xFF, 0xDD, 0x4A, 0x49, 0x2A, 0xAA, 0xAA, 0x22, 0x45, 0x56,
	0xA8, 0xAF, 0xBE, 0xF7, 0xFF, 0xFF, 0xFB, 0xD0, 0x40, 0x44, 0x92, 0x97, 0xBD, 0xD3, 0xA9, 0xFF,
	0xEF, 0x57, 0x40, 0x89, 0x16, 0x22, 0xC4, 0x04, 0xA2, 0x22, 0xCA, 0xA6, 0xB5, 0x4E, 0x29, 0x24,
	0x84, 0xFE, 0xFE, 0xFF, 0xFF, 0xBF, 0xFF, 0xDF, 0xFF, 0xF5, 0x6E, 0xD7, 0x7E, 0xFF, 0xFB, 0xDF,
	0xFF, 0xFF, 0xFC, 0xB7, 0xFB, 0xDB, 0xAB, 0x92, 0xAA, 0xAA, 0xA5, 0x55, 0x66, 0x89, 0x55, 0xFB,
	0xFC, 0x77, 0xFF, 0xFB, 0xDD, 0xFE, 0x51, 0x55, 0x55, 0x52, 0x91, 0x12, 0x2E, 0xB5, 0x56, 0x3E,
	0xFF, 0xFF, 0xEF, 0xFE, 0x96, 0xD0, 0x09, 0x10, 0x00, 0x5F, 0xFF, 0xAE, 0xA7, 0xFF, 0xBB, 0xFB,
	0x8A, 0x54, 0x8E, 0x70, 0x13, 0x40, 0x09, 0x29, 0x71, 0x58, 0xD4, 0x55, 0x80, 0x02, 0xA3, 0xFF,
	0xFB, 0xFB, 0xFB, 0xFB, 0xFF, 0x7F, 0xBF, 0xAF, 0x71, 0xE9, 0x7F, 0xFF, 0xFF, 0xFF, 0xFF, 0xEF,
	0xFF, 0x79, 0xFA, 0xED, 0xFD, 0x49, 0x25, 0x55, 0x55, 0x52, 0x11, 0x44, 0xA3, 0xEF, 0xD9, 0x1F,
	0x7F, 0xED, 0xFF, 0xFF, 0xA8, 0xAA, 0xA8, 0x28, 0x24, 0x91, 0xB7, 0x5A, 0xED, 0xFB, 0xFF, 0xFF,
	0xFA, 0xFB, 0x6B, 0xFE, 0x80, 0x02, 0x53, 0xFE, 0xFE, 0xBA, 0x47, 0x7F, 0x7E, 0xDE, 0xC0, 0x02,
	0x44, 0x72, 0xCA, 0xA4, 0x84, 0x94, 0x5C, 0x26, 0x2D, 0x1A, 0xF5, 0x54, 0x57, 0xDF, 0xFF, 0xFF,
	0xFF, 0xFF, 0xBB, 0xFF, 0xFE, 0xBA, 0xEF, 0x5E, 0xFF, 0xFD, 0xFF, 0xFF, 0xFF, 0xBF, 0xFF, 0xAD,
	0xFB, 0x56, 0xAB, 0x74, 0x95, 0x2A, 0x94, 0x89, 0xAC, 0xB0, 0x0F, 0xBE, 0xF2, 0xBC, 0x7F, 0xFC,
	0xFF, 0xFF, 0xC5, 0x52, 0x4B, 0x54, 0xF8, 0x4D, 0x59, 0xAD, 0x52, 0xEF, 0xFB, 0xDF, 0x7A, 0x7F,
	0x7E, 0xAB, 0x90, 0x81, 0x4B, 0xFF, 0xF5, 0xC5, 0x2F, 0xFF, 0x97, 0xEB, 0xE5, 0x8A, 0x92, 0x20,
	0x90, 0x90, 0x22, 0xA3, 0x2B, 0x92, 0xA5, 0x57, 0x58, 0x02, 0x2F, 0xFD, 0xFF, 0xFF, 0xEF, 0xFF,
	0xFF, 0xFF, 0xFF, 0xA5, 0x9B, 0xDE, 0x7B, 0xFF, 0xDF, 0x7D, 0xBB, 0xFE, 0xEF, 0xB6, 0xED, 0xF7,
	0xFD, 0x92, 0x52, 0xAA, 0xA2, 0x54, 0x42, 0x56, 0xB6, 0xFC, 0x64, 0x59, 0x7E, 0xD4, 0xFD, 0xDF,
	0xF4, 0x95, 0x54, 0xAA, 0xFA, 0x2A, 0xD6, 0xD6, 0xCF, 0xFF, 0xFF, 0x97, 0xF7, 0x9F, 0xAF, 0xFE,
	0xC4, 0x28, 0x2F, 0xBB, 0xD6, 0x90, 0x9F, 0xFF, 0xEB, 0x7E, 0xB0, 0x24, 0xA4, 0x04, 0x32, 0x88,
	0x81, 0x28, 0x95, 0x65, 0x52, 0xAA, 0xD7, 0x29, 0x7F, 0xFF, 0xDF, 0xEF, 0xBF, 0xBF, 0xFF, 0xFF,
	0xF7, 0x9E, 0x7E, 0xDE, 0xEF, 0xEF, 0xFD, 0xF7, 0xFF, 0xFF, 0xFF, 0xDD, 0xFD, 0xBA, 0xAF, 0xED,
	0x2A, 0xA9, 0x55, 0x4B, 0x29, 0x2A, 0x8B, 0xF9, 0x42, 0x14, 0x37, 0xE2, 0x6F, 0xFD, 0xFC, 0x92,
	0x4A, 0x49, 0xD2, 0xD5, 0x6A, 0xB5, 0x2F, 0xFF, 0xDF, 0xB3, 0xF5, 0x6F, 0xBA, 0xAB, 0xE0, 0x02,
	0xFF, 0xFF, 0x2A, 0x2A, 0x7F, 0xFF, 0xFA, 0xD7, 0xD8, 0x82, 0xA1, 0x11, 0x3A, 0x54, 0x2C, 0x92,
	0x4F, 0xB8, 0xAC, 0x5F, 0x7B, 0xCA, 0xFF, 0x77, 0xFF, 0xBF, 0xFF, 0xFE, 0xFE, 0xBD, 0xDF, 0xBD,
	0xEB, 0xDD, 0xD3, 0xBC, 0xFF, 0xFF, 0xFF, 0xFF, 0xFE, 0xE6, 0xFE, 0xDF, 0xF5, 0x76, 0x49, 0x24,
	0x28, 0x20, 0x94, 0x95, 0x69, 0xF2, 0x28, 0xB2, 0xBF, 0xE9, 0x7F, 0xFF, 0xFF, 0x4A, 0xA1, 0x55,
	0x4A, 0xAB, 0xB7, 0x5C, 0xBF, 0x7E, 0xFF, 0xBD, 0xF7, 0xD3, 0xBF, 0xF0, 0xB4, 0x85, 0xFE, 0xFA,
	0xF4, 0x80, 0xFE, 0xFF, 0xFE, 0xBD, 0x7C, 0x10, 0xA8, 0x44, 0x01, 0x48, 0x0C, 0x49, 0x51, 0x56,
	0x2B, 0x15, 0xAD, 0x67, 0xFD, 0xFF, 0xFD, 0xFF, 0xFF, 0xF7, 0xF6, 0xBF, 0xF8, 0xFD, 0x7E, 0xDB,
	0xDB, 0xFB, 0x3F, 0xFF, 0xFF, 0xDD, 0xFB, 0xF7, 0x7E, 0xEA, 0xBF, 0xAB, 0x24, 0x95, 0xA5, 0x4A,
	0x42, 0x45, 0x54, 0x08, 0x80, 0x24, 0x3F, 0x60, 0x30, 0xF7, 0xDF, 0xD5, 0x5D, 0x22, 0xB7, 0x7D,
	0x5A, 0xA1, 0xFD, 0xF7, 0xFD, 0xAC, 0xF4, 0xFC, 0xAA, 0xA5, 0x59, 0x2F, 0xDF, 0xD5, 0x41, 0x2B,
	0xFB, 0xCF, 0xFF, 0xCF, 0xD6, 0x08, 0xAA, 0x10, 0x91, 0x2A, 0x21, 0x14, 0x29, 0x6B, 0x92, 0xAA,
	0xDE, 0xBF, 0xF7, 0xFF, 0xFF, 0xFE, 0xFE, 0xFF, 0xDD, 0xCF, 0xFF, 0x79, 0x97, 0xEF, 0x3D, 0xFB,
	0xDF, 0xFF, 0xEE, 0xFF, 0xDF, 0xFA, 0xB7, 0x6F, 0xD5, 0xFB, 0x92, 0xAA, 0x14, 0x90, 0x29, 0x12,
	0xAB, 0xA2, 0x14, 0x80, 0xBE, 0x28, 0x9A, 0xFF, 0xFF, 0xF0, 0x42, 0x16, 0xDA, 0xA5, 0xAA, 0x97,
	0xFF, 0xFF, 0xF7, 0xBF, 0x75, 0x2F, 0x7F, 0xF0, 0x9C, 0x5F, 0xFF, 0x5F, 0x94, 0x03, 0xBF, 0xDF,
	0xFF, 0xF2, 0xFB, 0x8A, 0x43, 0x84, 0x04, 0xAB, 0x04, 0x02, 0x84, 0xAA, 0x4A, 0xAE, 0xA1, 0xFF,
	0xDF, 0xFF, 0x77, 0xFF, 0xFF, 0xFF, 0xA6, 0xAF, 0xFF, 0xBF, 0xED, 0x61, 0x76, 0xFA, 0xC7, 0xBF,
	0x7F, 0xFF, 0xFF, 0xFB, 0x4E, 0xF2, 0xFE, 0xAD, 0xC9, 0x21, 0x42, 0x02, 0x90, 0xC8, 0xB4, 0xBA,
	0x00, 0x90, 0x37, 0x40, 0x2A, 0xCF, 0x7F, 0x57, 0xF9, 0xFB, 0x55, 0xDA, 0xB6, 0x1F, 0xEF, 0x7F,
	0xDF, 0xAB, 0x35, 0x29, 0xD5, 0x69, 0x45, 0xFE, 0xF9, 0x6A, 0x89, 0x2F, 0xFF, 0x3F, 0xFF, 0xFE,
	0x9E, 0xC0, 0x35, 0x21, 0x00, 0x4B, 0x40, 0x50, 0xBF, 0xFF, 0xA2, 0x52, 0xBF, 0xFF, 0x7F, 0xEF,
	0xFF, 0xFF, 0xFB, 0xFF, 0x5A, 0xF7, 0x7F, 0xDE, 0xFB, 0xBF, 0xDE, 0x7B, 0x7B, 0xFA, 0x97, 0xFF,
	0xFF, 0xFC, 0xB7, 0x56, 0xAB, 0xF6, 0xF4, 0x9A, 0x29, 0x48, 0x0F, 0x22, 0x16, 0xAD, 0x6A, 0x01,
	0x1E, 0xA9, 0x08, 0xE7, 0xF4, 0xAD, 0x2D, 0x55, 0x6E, 0xAD, 0x58, 0xBE, 0xFE, 0x9F, 0x2F, 0xBF,
	0xD4, 0xA4, 0x74, 0x84, 0x2B, 0xFF, 0xD7, 0xFF, 0x20, 0x9E, 0xFE, 0xFF, 0xFD, 0xFF, 0xE5, 0xE0,
	0x78, 0x8B, 0x49, 0x20, 0x24, 0x07, 0xFF, 0xFF, 0xFA, 0x9B, 0xFF, 0xBB, 0xFF, 0xFF, 0xFF, 0xDD,
	0xFF, 0xEF, 0x76, 0xD7, 0xFF, 0xEE, 0xFB, 0xEB, 0x7B, 0x7B, 0xDC, 0xF9, 0x69, 0xEC, 0x5E, 0xEE,
	0xD6, 0xFB, 0xD5, 0x5A, 0xF2, 0x44, 0x80, 0x01, 0x78, 0x08, 0x8A, 0xAB, 0x3D, 0xA4, 0x5F, 0x00,
	0x0A, 0x42, 0x93, 0xFD, 0xB5, 0xBB, 0xB5, 0x6B, 0xA2, 0xFB, 0xFE, 0xE7, 0x6F, 0xB5, 0x6C, 0x92,
	0x92, 0x51, 0x3F, 0xF7, 0x5A, 0xAA, 0x04, 0x3B, 0xF5, 0xBF, 0xFF, 0xFF, 0xFA, 0x7C, 0x32, 0x63,
	0x04, 0x55, 0x50, 0xFF, 0xFF, 0xFB, 0xFF, 0xFF, 0xFE, 0xFF, 0xFD, 0xBE, 0xFF, 0x7F, 0xEF, 0xFF,
	0x59, 0xF7, 0xF7, 0xDD, 0xFD, 0x6F, 0xDF, 0xBA, 0xF6, 0xFE, 0xBD, 0x7B, 0xAF, 0xFF, 0x6F, 0x5B,
	0xF7, 0xEF, 0x7C, 0x20, 0x24, 0x8A, 0xE2, 0x82, 0x02, 0xAA, 0xA6, 0xFF, 0xA4, 0xA9, 0x6A, 0xBB,
	0x7E, 0x96, 0x92, 0xD5, 0x5B, 0xAA, 0x4B, 0xFF, 0xFE, 0xB3, 0x73, 0xBF, 0xDD, 0x48, 0xA9, 0x20,
	0xFF, 0xBD, 0x7F, 0xFE, 0xA2, 0xFF, 0xDB, 0xFF, 0xFF, 0xDF, 0xFF, 0x8A, 0x84, 0xA4, 0x21, 0x72,
	0x0F, 0xFF, 0xFB, 0xBF, 0xBF, 0xFF, 0x6F, 0xFF, 0xD2, 0x5F, 0xEF, 0xFF, 0xFF, 0xBF, 0xB7, 0x77,
	0xFF, 0xDD, 0xD6, 0xEA, 0xF5, 0xBB, 0x4A, 0x7F, 0xCE, 0xB4, 0xE7, 0xFF, 0x7F, 0x7D, 0xFA, 0xB5,
	0x7F, 0x56, 0x9A, 0x20, 0x08, 0x10, 0x49, 0x55, 0x5A, 0x92, 0xFF, 0xDF, 0xBF, 0xED, 0xD3, 0x68,
	0xED, 0x6E, 0xED, 0x4A, 0x2F, 0xFF, 0xDA, 0xFC, 0xDB, 0x82, 0xEC, 0x55, 0x14, 0x8B, 0xEE, 0xF5,
	0xDB, 0x51, 0x09, 0x7F, 0xF6, 0xBF, 0xFF, 0xFD, 0xDF, 0xF5, 0x02, 0x51, 0x04, 0x01, 0x7F, 0xBF,
	0x7F, 0xFF, 0xFF, 0xFD, 0xFF, 0xFF, 0x5F, 0xD3, 0xFF, 0xFF, 0xFF, 0xFF, 0xBD, 0xD7, 0xFF, 0xD3,
	0x55, 0xAF, 0xBE, 0xB9, 0xAF, 0x37, 0xA7, 0xB6, 0xBB, 0xFF, 0x7F, 0xAA, 0xFE, 0xDF, 0x7F, 0x89,
	0x48, 0x15, 0x22, 0x09, 0x00, 0x4A, 0xAB, 0x6F, 0x55, 0x52, 0xD5, 0x5B, 0x5D, 0x4B, 0x6C, 0xB5,
	0xB5, 0xA0, 0xFF, 0xD8, 0xFF, 0x6F, 0xA5, 0xD3, 0x46, 0x02, 0x4A, 0xAF, 0xFF, 0xD7, 0x76, 0xA4,
	0x25, 0xFE, 0xEF, 0xFF, 0xF7, 0x7F, 0xFF, 0xFF, 0xE9, 0x2C, 0x40, 0x17, 0xFB, 0xFB, 0xFF, 0xFE,
	0xFF, 0xEF, 0xFF, 0xEE, 0xB5, 0xFB, 0xFE, 0xFD, 0xFE, 0xFB, 0x97, 0x77, 0xBE, 0xDF, 0x7C, 0xED,
	0xEB, 0xB6, 0xB7, 0xFE, 0x52, 0xCB, 0x95, 0xBB, 0x7F, 0xBF, 0x6F, 0x6A, 0xF7, 0xE5, 0x20, 0x80,
	0x00, 0x40, 0x54, 0x2A, 0xD5, 0xA9, 0x6D, 0x6D, 0x6D, 0x6D, 0xA9, 0x5D, 0x53, 0x5A, 0xDB, 0x4B,
	0xFF, 0x77, 0x3E, 0xBA, 0xE8, 0x84, 0xDA, 0xA9, 0x25, 0x7F, 0xFD, 0x5D, 0xD9, 0x09, 0x17, 0xEF,
	0x9A, 0xBF, 0xFF, 0xFF, 0xFF, 0xFF, 0xFE, 0x92, 0x2B, 0xFF, 0xFF, 0xFF, 0xEF, 0xEF, 0xF6, 0xFF,
	0xFD, 0xB9, 0xDF, 0x5C, 0xFB, 0xF7, 0xEF, 0xFF, 0xDD, 0xD7, 0x2F, 0xFE, 0xD6, 0xDF, 0x7E, 0xB5,
	0x59, 0xFD, 0xFF, 0xEA, 0xFC, 0xFF, 0xBB, 0xD5, 0xBF, 0xBE, 0xFF, 0xF8, 0x94, 0x28, 0x89, 0x24,
	0x02, 0x85, 0x54, 0xAA, 0xA5, 0x29, 0x25, 0xA4, 0xA7, 0xAA, 0xA9, 0x2F, 0x6C, 0x17, 0xBD, 0xF5,
	0xDF, 0x4F, 0x94, 0xD2, 0x20, 0x14, 0x92, 0xFF, 0x75, 0xF7, 0x64, 0x40, 0x4F, 0xFF, 0x7F, 0xFF,
	0xFF, 0xFF, 0xFE, 0xFF, 0x7F, 0xFF, 0xFF, 0xFF, 0x6F, 0x7F, 0xFE, 0xFF, 0xFF, 0xFF, 0xEF, 0xF6,
	0xF5, 0xF7, 0x7F, 0xFF, 0xFF, 0xFF, 0xEE, 0xEF, 0xEF, 0xFE, 0xFD, 0xB5, 0xAB, 0xAE, 0xB6, 0x7D,
	0x56, 0xBD, 0xB6, 0xFF, 0xBF, 0xEE, 0xDF, 0xE3, 0xDE, 0xFF, 0x00, 0x84, 0x00, 0x01, 0x48, 0x22,
	0xAA, 0x5B, 0x55, 0x6B, 0x5A, 0x55, 0x5A, 0xAA, 0x96, 0xB5, 0xA9, 0x7F, 0xF7, 0xF7, 0x47, 0x25,
	0xD2, 0x09, 0x55, 0x45, 0x0F, 0xF7, 0xCE, 0xBF, 0x91, 0x2A, 0xBD, 0xFE, 0xD5, 0xBF, 0xFF, 0xFD,
	0xEF, 0xF7, 0xF7, 0xFF, 0xFF, 0xBB, 0xFF, 0xEF, 0x7F, 0xFF, 0xFF, 0xFF, 0x7F, 0x97, 0xBF, 0x6D,
	0x7F, 0xFF, 0xFF, 0xFB, 0xEF, 0xAF, 0xF0, 0x3D, 0xAB, 0x5F, 0xFE, 0xAE, 0xBB, 0xBB, 0xFD, 0x55,
	0x6F, 0x7F, 0xBC, 0xB7, 0xA5, 0xFF, 0x7F, 0xFF, 0xD2, 0x00, 0x50, 0x48, 0x01, 0x48, 0xAB, 0x6D,
	0x7F, 0x5D, 0xEA, 0xB5, 0x6D, 0x55, 0x6A, 0xCE, 0xA2, 0xFF, 0xFF, 0xEB, 0xFA, 0x52, 0xC9, 0x44,
	0x0A, 0x20, 0x7F, 0xDD, 0x75, 0xEB, 0x84, 0x00, 0x37, 0xBA, 0xFF, 0xFF, 0xFF, 0xEF, 0xFF, 0xFF,
	0xFF, 0xFB, 0xDD, 0xFF, 0xFF, 0xFF, 0xFF, 0xFD, 0xDF, 0xDD, 0xFD, 0x6D, 0xD5, 0xFF, 0xBF, 0xFF,
	0xBE, 0xE4, 0xDA, 0xBF, 0xFB, 0xCE, 0xF9, 0xEA, 0xAB, 0x9E, 0xAE, 0x9D, 0x45, 0xD5, 0x55, 0x77,
	0xDB, 0xD5, 0xFB, 0xFF, 0xFF, 0xEF, 0x78, 0x11, 0x02, 0x02, 0x20, 0x12, 0x1D, 0x35, 0xA9, 0x55,
	0x2A, 0xD6, 0xA5, 0x5A, 0xA9, 0x32, 0x17, 0xED, 0xDF, 0xEE, 0xAD, 0x49, 0x90, 0x91, 0xA0, 0x93,
	0xFF, 0xF6, 0xBF, 0x7E, 0xA0, 0x95, 0xFF, 0xFB, 0x6A, 0xDF, 0xFE, 0xFF, 0xFF, 0xDF, 0xBE, 0xEF,
	0xFF, 0xFF, 0xFD, 0xFD, 0xFB, 0xDF, 0xFF, 0x7F, 0xD2, 0xBE, 0xFF, 0x55, 0xB7, 0x77, 0xFB, 0xF7,
	0x5D, 0x7F, 0x7B, 0xEE, 0xB7, 0x7F, 0xFE, 0xDF, 0xBB, 0xDD, 0xAB, 0xEB, 0xDF, 0x7F, 0xEE, 0xEE,
	0xAC, 0xDB, 0xF0, 0x7D, 0xFF, 0x84, 0x84, 0xA0, 0x88, 0x84, 0x82, 0x96, 0xAE, 0xEB, 0xAA, 0xA9,
	0x5A, 0xD4, 0xAE, 0xC9, 0x7F, 0xFF, 0xFF, 0x6B, 0xF5, 0x24, 0xC5, 0x04, 0x05, 0x0F, 0xFE, 0xAB,
	0xEB, 0xAB, 0xDE, 0xED, 0xDF, 0xE7, 0xBF, 0xFF, 0xFF, 0xFF, 0xFF, 0xFE, 0xFF, 0xFF, 0xFF, 0xFF,
	0xBF, 0xFF, 0xEF, 0xFF, 0xFD, 0xFF, 0x5B, 0xEB, 0xAD, 0xFF, 0xDF, 0xFF, 0xFF, 0xED, 0x56, 0xFF,
	0xEB, 0x77, 0x6F, 0xD6, 0xAF, 0xBF, 0xBE, 0xED, 0x81, 0xF3, 0xEB, 0xBE, 0xEB, 0xB7, 0xF7, 0x7F,
	0xBF, 0x9F, 0xFF, 0xF0, 0x20, 0x12, 0x02, 0x20, 0x48, 0xE2, 0xA9, 0x28, 0x55, 0x56, 0xD5, 0x12,
	0xD5, 0x25, 0xFF, 0xBE, 0xFF, 0xDE, 0xBE, 0x82, 0x52, 0xA2, 0xA8, 0x7F, 0x6A, 0xBE, 0xBD, 0xFE,
	0xF7, 0x73, 0xFE, 0xED, 0xEB, 0x5F, 0xFF, 0xFF, 0xBD, 0xFF, 0xFF, 0xFF, 0x7F, 0xB6, 0xFF, 0xB7,
	0xFF, 0xFF, 0xFF, 0xFE, 0xAE, 0xBE, 0xFE, 0xAA, 0xDF, 0xFE, 0xFF, 0xEF, 0x7D, 0xF1, 0xE7, 0xD7,
	0x7A, 0xFF, 0xFA, 0xBF, 0xD7, 0x5D, 0xA8, 0xFB, 0x75, 0xBF, 0xF5, 0xF5, 0x03, 0x7E, 0xE1, 0xEF,
	0xDB, 0xFF, 0x8A, 0x88, 0x50, 0x8A, 0x04, 0x1A, 0xAD, 0xAF, 0xFB, 0x5A, 0xA9, 0x5F, 0x68, 0x9F,
	0xEE, 0xF1, 0x2A, 0x5B, 0xD5, 0x55, 0x08, 0x10, 0x43, 0xFF, 0xD7, 0xD7, 0xEF, 0x57, 0xBD, 0xAF,
	0xFB, 0x9B, 0x7F, 0xFF, 0xFB, 0xFF, 0xFF, 0xFF, 0xFB, 0xBD, 0xF6, 0xFF, 0xFB, 0xFF, 0xFF, 0xFE,
	0xFF, 0xFC, 0xFB, 0xEB, 0xAB, 0xFF, 0x6F, 0xFF, 0xFF, 0xF5, 0xD3, 0xD6, 0xF6, 0xF7, 0x5F, 0xAA,
	0xAF, 0x71, 0xDB, 0xED, 0x82, 0x3D, 0x97, 0xBB, 0xFA, 0xB7, 0x91, 0xB7, 0xF4, 0xB3, 0xFF, 0x7F,
	0xE8, 0x42, 0x04, 0x20, 0x51, 0x05, 0x55, 0x52, 0x95, 0x55, 0x26, 0xEA, 0x95, 0x7F, 0xBF, 0xF7,
	0xAA, 0xEE, 0xF7, 0x10, 0x45, 0x45, 0x1F, 0xFA, 0x7D, 0x7D, 0x7B, 0xFD, 0xD6, 0xDE, 0xDF, 0x77,
	0xDA, 0xBF, 0xFF, 0xFD, 0xFF, 0xF7, 0xFF, 0xFF, 0xFF, 0xFF, 0xFF, 0xFF, 0xBF, 0x77, 0xEF, 0xF7,
	0x0A, 0xDE, 0xFD, 0x57, 0xDF, 0x77, 0xEF, 0x75, 0x7F, 0xF7, 0x7B, 0xAE, 0xF6, 0xFF, 0xFA, 0xCE,
	0xED, 0x5A, 0xA0, 0x9D, 0xD2, 0xBF, 0xF9, 0xDA, 0x04, 0xDF, 0xE2, 0x5B, 0xFF, 0xEC, 0x2E, 0x00,
	0xA1, 0x09, 0x04, 0x22, 0x56, 0xBD, 0x6A, 0xA4, 0xBB, 0x51, 0x47, 0xFB, 0xFF, 0xFA, 0xFF, 0xBF,
	0x41, 0xA5, 0x2A, 0x20, 0xFF, 0xD5, 0xD7, 0xDF, 0xDD, 0x56, 0xFF, 0x5B, 0xFE, 0xDD, 0x7F, 0xFF,
	0xFF, 0xEF, 0xFF, 0xDF, 0xDF, 0xFF, 0xFF, 0xFF, 0xEF, 0xFE, 0xFD, 0xFF, 0xFF, 0xDF, 0xF9, 0x77,
	0xB7, 0xFD, 0x6F, 0xEB, 0xFF, 0xFD, 0x66, 0xFB, 0x36, 0xD6, 0xDF, 0xB5, 0x4B, 0xDE, 0x6F, 0xEA,
	0x8A, 0x2E, 0xEB, 0xDF, 0xBD, 0x7B, 0x50, 0x5F, 0x60, 0x35, 0xBB, 0xFB, 0xEB, 0xC8, 0x08, 0x40,
	0x10, 0x88, 0x91, 0x42, 0x92, 0xB7, 0x6D, 0x0A, 0x5F, 0xFF, 0xFF, 0xF7, 0xAB, 0xEB, 0xD4, 0x52,
	0x81, 0x17, 0xFD, 0x5F, 0x7E, 0xF5, 0x77, 0xFF, 0xEB, 0x7F, 0xFD, 0xF7, 0xD5, 0xBF, 0xFF, 0xFF,
	0xF7, 0x7F, 0x7F, 0xF7, 0xEF, 0xFB, 0xBF, 0x77, 0xFF, 0xFF, 0xFF, 0x7F, 0xFF, 0x9D, 0xFD, 0x57,
	0xEF, 0xCD, 0xFF, 0xFF, 0xAD, 0x1A, 0xB7, 0xE9, 0xF5, 0xDE, 0xBF, 0xDB, 0x6A, 0xA5, 0x40, 0x87,
	0xEC, 0xDE, 0xFE, 0xDD, 0x05, 0x2D, 0xF5, 0x0E, 0xFF, 0xBA, 0xBA, 0xF7, 0xA2, 0x08, 0x02, 0x20,
	0x2D, 0x2A, 0x5A, 0xDA, 0x80, 0xA5, 0xFE, 0xEF, 0xF6, 0xB6, 0xFE, 0xFD, 0x81, 0x48, 0x5A, 0x5F,
	0xEA, 0xEB, 0xD7, 0x49, 0x08, 0x00, 0x14, 0xFF, 0xB3, 0x5D, 0xFF, 0xFF, 0xFF, 0xFF, 0xFF, 0xFF,
	0xFE, 0xFF, 0xBF, 0xDF, 0xFF, 0xFF, 0xF7, 0xFF, 0xFD, 0xFF, 0xFF, 0xD6, 0xAF, 0xFD, 0x6E, 0xB5,
	0x06, 0xFF, 0xAB, 0xEB, 0xD6, 0xBF, 0x5F, 0x55, 0xFE, 0xDF, 0xAF, 0xFB, 0x92, 0x13, 0xEF, 0x5B,
	0xFE, 0x6F, 0x80, 0x37, 0xE0, 0xA5, 0x7E, 0xF7, 0xEF, 0x59, 0xFA, 0x82, 0x48, 0x00, 0x8A, 0x95,
	0xAD, 0x52, 0x55, 0x5F, 0xFF, 0xFE, 0xDF, 0x83, 0xB6, 0xAE, 0xC8, 0x25, 0x03, 0xFE, 0xAF, 0xBD,
	0x7D, 0x04, 0xA1, 0x2A, 0x83, 0xED, 0xEE, 0xF7, 0x55, 0x5F, 0xFF, 0x7F, 0xDF, 0xFF, 0xFF, 0xFF,
	0xFE, 0xFF, 0xFF, 0xFF, 0xFF, 0xEE, 0xEF, 0xFF, 0xFF, 0x79, 0xF5, 0x57, 0xF7, 0xB5, 0x7B, 0xEB,
	0xDB, 0x6B, 0x5F, 0xED, 0xF5, 0x7A, 0x03, 0xDA, 0xAD, 0x57, 0xC8, 0x45, 0xB5, 0xAF, 0xF7, 0xBB,
	0x92, 0x8B, 0xF4, 0x17, 0x6F, 0xF6, 0xBA, 0xDE, 0x7F, 0xF8, 0x01, 0x0A, 0x26, 0xE4, 0xA2, 0x89,
	0x17, 0xFF, 0xFB, 0xFF, 0xFF, 0x91, 0x7C, 0x37, 0x12, 0x12, 0x5F, 0xFA, 0xBA, 0xEF, 0xD7, 0x50,
	0x08, 0x00, 0x17, 0xFF, 0xDB, 0xDD, 0xFF, 0xFF, 0xFB, 0xFF, 0x7F, 0xFF, 0xFB, 0xDE, 0xFF, 0xFF,
	0xFD, 0xDE, 0x95, 0xFF, 0xFF, 0xFF, 0x6F, 0xFE, 0xDF, 0xFD, 0x57, 0xBF, 0xDB, 0xE9, 0xBD, 0xF7,
	0xB5, 0x7F, 0x7F, 0xA9, 0xFD, 0xEF, 0xDB, 0xEF, 0xD5, 0x11, 0xDE, 0xD7, 0xDF, 0xA5, 0xC0, 0x4D,
	0xF2, 0x01, 0x93, 0xF7, 0xEF, 0x6F, 0x9F, 0xFF, 0xFA, 0x40, 0x01, 0x32, 0x10, 0x25, 0xFF, 0xFF,
	0xBF, 0xDF, 0xFF, 0x88, 0x95, 0x5D, 0x81, 0x09, 0xFF, 0x57, 0xEF, 0xBA, 0xFA, 0x00, 0x80, 0x00,
	0x4E, 0xFF, 0xBE, 0xF7, 0x6E, 0xDF, 0xFF, 0xFD, 0xFF, 0xFD, 0xEF, 0xFF, 0xFF, 0xFD, 0xDF, 0xF1,
	0x6A, 0x3F, 0xFF, 0xFD, 0xFF, 0xDA, 0xF5, 0x57, 0xFB, 0xB5, 0x7D, 0xDE, 0xAD, 0xAD, 0xDF, 0xD5,
	0xAB, 0x7B, 0x6E, 0xED, 0x9E, 0xAF, 0xD0, 0x04, 0xB7, 0x57, 0xFF, 0xC8, 0x40, 0x25, 0xB9, 0x54,
	0xFD, 0xB6, 0xFB, 0xF3, 0xE6, 0xFF, 0xFF, 0xFF, 0xB5, 0x4A, 0xDF, 0xFF, 0xFE, 0xF7, 0xFF, 0xF0,
	0x17, 0xC5, 0x58, 0x0F, 0x28, 0xBF, 0xFD, 0x5A, 0xFB, 0xEF, 0xAF, 0x08, 0x00, 0x00, 0x1F, 0xDB,
	0x6B, 0xBD, 0xFB, 0xEF, 0xFF, 0xFF, 0xFF, 0x77, 0xFF, 0xFF, 0xFB, 0xF7, 0xFF, 0xD7, 0xFF, 0xDF,
	0xFF, 0xF7, 0xFD, 0xFE, 0x5F, 0xFD, 0xBB, 0xDF, 0xD5, 0xAA, 0xAE, 0xFE, 0xEA, 0xFF, 0xFD, 0xEF,
	0xFA, 0xEF, 0xD7, 0xDE, 0xD6, 0xA2, 0xBB, 0xEB, 0xEF, 0xE2, 0xA1, 0x12, 0xF4, 0x02, 0xAA, 0xF5,
	0xAE, 0xBD, 0xFB, 0xDB, 0xFF, 0xFF, 0xFF, 0xFF, 0xFF, 0xFE, 0x05, 0xFE, 0xFE, 0xCF, 0x41, 0xD0,
	0x0D, 0x20, 0x07, 0xFF, 0xA5, 0xFF, 0xAE, 0xBA, 0xF0, 0xA2, 0x49, 0x2A, 0xBB, 0xFC, 0xDE, 0xEF,
	0x5E, 0x8F, 0xFF, 0xFF, 0xFF, 0xFF, 0xFF, 0xF7, 0xDF, 0xBF, 0xFE, 0xAD, 0x55, 0x67, 0x7B, 0xBF,
	0xFF, 0xFF, 0xB6, 0xD7, 0xED, 0xDA, 0xFB, 0xBE, 0xF7, 0x2B, 0xBF, 0xAA, 0xAA, 0x3A, 0xAF, 0x6D,
	0x79, 0x63, 0xC9, 0x08, 0xAC, 0xA9, 0x91, 0xF0, 0x30, 0x25, 0x7B, 0xA0, 0x7F, 0x7A, 0xFB, 0xEE,
	0x7C, 0xFF, 0xDC, 0x18, 0xFE, 0x4F, 0xE6, 0xF9, 0xFA, 0xFD, 0x3B, 0xBA, 0x28, 0x65, 0x54, 0x02,
	0xFF, 0xEA, 0xBF, 0x55, 0xFB, 0xEF, 0x04, 0x08, 0x00, 0x00, 0x7F, 0x7B, 0xF7, 0xBB, 0xEB, 0xCF,
	0xFF, 0xFF, 0xFD, 0xFF, 0xFF, 0xFF, 0xFF, 0xFF, 0xF7, 0x7F, 0xFF, 0xD7, 0xFF, 0xFF, 0xFF, 0xFF,
	0xDF, 0x7E, 0xBD, 0xE7, 0xAA, 0x6A, 0xDB, 0xDE, 0xED, 0xFF, 0xF7, 0xDF, 0xFB, 0x6F, 0xD5, 0xBD,
	0xEE, 0xA4, 0xBD, 0x77, 0x7E, 0x7A, 0x98, 0x11, 0xBD, 0xD5, 0x2A, 0xB4, 0x5E, 0xBB, 0xBF, 0x2F,
	0xFD, 0xED, 0x3D, 0xB7, 0x97, 0xD6, 0xAD, 0x5A, 0xDF, 0x5F, 0x02, 0xB0, 0x04, 0xBF, 0xFA, 0x2B,
	0xED, 0xFE, 0xAE, 0xBA, 0xA2, 0x40, 0x00, 0x81, 0xFF, 0xF6, 0xBD, 0xEE, 0xBE, 0xCF, 0xFF, 0xEF,
	0xF7, 0xFE, 0xAA, 0xAA, 0xAB, 0xFF, 0xBE, 0xD5, 0xAA, 0xFB, 0xFF, 0xFF, 0xDE, 0xDF, 0xDB, 0xEB,
	0xEE, 0xFB, 0xF5, 0xFF, 0xFD, 0xDB, 0xB7, 0x55, 0x57, 0xD5, 0xAF, 0xAD, 0x6D, 0xEE, 0xEA, 0x10,
	0x4D, 0xAA, 0xAB, 0x3C, 0x0C, 0x48, 0xDA, 0xB8, 0x1B, 0x59, 0x37, 0xEF, 0xCF, 0xE9, 0x7B, 0x6D,
	0x9A, 0xF3, 0xB9, 0xF5, 0xFF, 0xBB, 0x4C, 0xF5, 0x48, 0x11, 0x5B, 0xFE, 0x95, 0xFD, 0x77, 0x6B,
	0xFB, 0xEE, 0x80, 0x04, 0x48, 0x13, 0xFB, 0xEB, 0xEF, 0x7B, 0xEB, 0xFF, 0xFD, 0xFF, 0xBF, 0xF5,
	0x55, 0x55, 0x54, 0x3D, 0xFE, 0xFE, 0xFF, 0xBB, 0xEF, 0xFF, 0x7F, 0xF1, 0xEE, 0xFE, 0xBB, 0x7C,
	0xAB, 0x55, 0x56, 0xEE, 0xFB, 0xFF, 0xEF, 0xEF, 0xF5, 0x9F, 0xDB, 0x75, 0x27, 0x45, 0x6D, 0xB5,
	0x7D, 0xCE, 0x46, 0x04, 0x6D, 0xDE, 0xAD, 0xEC, 0x9A, 0xFA, 0xB7, 0xFE, 0x95, 0xB5, 0xEB, 0xBC,
	0x6E, 0xEF, 0xB5, 0xC7, 0xF3, 0xDF, 0x01, 0x57, 0xFF, 0xFA, 0xFE, 0xAF, 0xBD, 0xFE, 0xAE, 0xBB,
	0x74, 0x90, 0x00, 0x07, 0xDF, 0x9F, 0x75, 0xAE, 0xBD, 0x5F, 0xFF, 0xFE, 0xFF, 0xEB, 0xFF, 0xFF,
	0xFF, 0xCF, 0xFD, 0x57, 0xAA, 0xDB, 0xFE, 0xF7, 0xFF, 0x96, 0x6F, 0xAB, 0xED, 0xBF, 0x7D, 0xFF,
	0xFA, 0xEB, 0xAE, 0xAA, 0xAF, 0xF2, 0xBF, 0xB5, 0xBD, 0xBF, 0xB2, 0xA0, 0x2D, 0xD5, 0xA7, 0x6B,
	0x22, 0x02, 0x2A, 0xE3, 0x06, 0xAE, 0x4F, 0xAF, 0xEB, 0xFF, 0xF5, 0x42, 0x55, 0x57, 0xBA, 0x96,
	0xDE, 0xBA, 0xAD, 0x21, 0x7F, 0xFF, 0xFF, 0xDB, 0x57, 0xFA, 0xEF, 0x6A, 0x91, 0x4A, 0x80, 0x00,
	0x01, 0x1F, 0x7F, 0x6B, 0xBF, 0xFB, 0xD7, 0xFF, 0xFF, 0xFF, 0xFF, 0xDE, 0xAD, 0xB6, 0xB5, 0xF7,
	0xFD, 0xFA, 0xFF, 0xF5, 0xBF, 0xFF, 0xFB, 0x7F, 0x6A, 0xFE, 0xF7, 0x9F, 0x97, 0x55, 0x5F, 0x6E,
	0xFB, 0xFF, 0xDF, 0x7D, 0x6A, 0xFF, 0x7A, 0xD5, 0x51, 0x55, 0x15, 0xDA, 0xC5, 0xF5, 0x91, 0x01,
	0x5A, 0xA0, 0xD3, 0xF6, 0x22, 0xFA, 0xFC, 0xDF, 0xFF, 0xFF, 0xED, 0xA8, 0xAA, 0xA9, 0x52, 0xAA,
	0xD6, 0xFF, 0xFF, 0xFF, 0xDF, 0x7D, 0xFA, 0xAF, 0xBB, 0xFD, 0x44, 0x20, 0x00, 0x01, 0x24, 0x3F,
	0xFE, 0xBE, 0xEA, 0xAE, 0xFD, 0x5F, 0xFF, 0xFF, 0xFF, 0x97, 0xFF, 0xFF, 0xFF, 0x5B, 0xDD, 0x5F,
	0xAA, 0xBD, 0xFF, 0xDF, 0xFE, 0xDB, 0x5F, 0xAF, 0x5D, 0xEF, 0xED, 0xFF, 0xEB, 0x5B, 0x4E, 0xAA,
	0xBF, 0xFF, 0x7F, 0xAB, 0x7B, 0xFF, 0xD1, 0xA8, 0x5D, 0xEB, 0x42, 0xBE, 0x40, 0x90, 0x1D, 0x4A,
	0x41, 0x5B, 0x15, 0xAF, 0xB7, 0x7D, 0xFF, 0xFF, 0xFF, 0xFF, 0xFF, 0xFF, 0xFF, 0xFF, 0xFF, 0xFF,
	0xED, 0xFE, 0xFD, 0xFE, 0x5F, 0xFD, 0xEF, 0x56, 0x10, 0x84, 0x94, 0xA4, 0x02, 0xB7, 0xF9, 0xEB,
	0xBF, 0xD1, 0x0A, 0xEF, 0xFF, 0xDF, 0xFF, 0x7D, 0x6D, 0x55, 0x55, 0xE9, 0xFD, 0xF5, 0xFF, 0xED,
	0xFB, 0xFF, 0x7D, 0x7D, 0x6D, 0xFB, 0xF7, 0x77, 0xF7, 0x55, 0x7E, 0xDF, 0x73, 0xFF, 0x7F, 0xFF,
	0xAD, 0xFE, 0xEB, 0x55, 0x68, 0xD5, 0x16, 0xED, 0xD3, 0xD5, 0xB5, 0x41, 0x45, 0xC2, 0x24, 0xEB,
	0x04, 0xFA, 0xDD, 0xBF, 0xFF, 0xFF, 0x7F, 0xFF, 0xFF, 0xFF, 0xFF, 0xFF, 0xFF, 0xFF, 0xFF, 0xB7,
	0xFF, 0xFF, 0xAB, 0x52, 0xB5, 0xFA, 0x82, 0x00, 0x01, 0x01, 0x10, 0xFE, 0xF6, 0xBE, 0xEB, 0x48,
	0x41, 0x1F, 0xFB, 0xFF, 0xFB, 0x57, 0xFF, 0xFF, 0xFF, 0x7D, 0xFD, 0x4B, 0x5A, 0xB5, 0xFF, 0xFD,
	0xF6, 0xEF, 0xBE, 0xAA, 0xBD, 0xD9, 0xF9, 0xFF, 0xAA, 0x74, 0xFD, 0x6A, 0xFD, 0xEF, 0xD7, 0x56,
	0xFB, 0xBB, 0xE4, 0x52, 0x9D, 0xA6, 0xC8, 0xB6, 0x98, 0x00, 0x16, 0xA9, 0x12, 0x5D, 0x84, 0x5F,
	0xF7, 0xCF, 0xB6, 0xEF, 0xFE, 0xFF, 0xFF, 0xFF, 0xFF, 0xFF, 0xBF, 0xFF, 0x7F, 0xFF, 0xFF, 0xFF,
	0xED, 0x08, 0x00, 0x00, 0x10, 0x91, 0x20, 0x08, 0x02, 0xFF, 0xE7, 0xEB, 0xBF, 0x20, 0x14, 0x4F,
	0xFF, 0xFD, 0xDE, 0xFE, 0xD5, 0xB6, 0xD5, 0xB6, 0xF5, 0x79, 0xEF, 0xDD, 0xEF, 0xBF, 0xFE, 0xB5,
	0xEB, 0xEA, 0xEF, 0xF5, 0xED, 0xAA, 0xFF, 0xDD, 0xFE, 0xBD, 0xFF, 0xFF, 0xF5, 0xFD, 0xFA, 0xD5,
	0x75, 0x69, 0x05, 0x91, 0x62, 0xDB, 0xEC, 0x84, 0x42, 0xE0, 0xA0, 0x6D, 0x82, 0xB6, 0xBD, 0x77,
	0xFF, 0xFD, 0xF7, 0xEF, 0x76, 0xEE, 0xEE, 0xEE, 0xFB, 0xB7, 0xFF, 0xFF, 0xDF, 0xDF, 0xFA, 0xA1,
	0x12, 0x42, 0x42, 0x00, 0x00, 0x00, 0x47, 0xEF, 0x9D, 0x7E, 0xEB, 0x02, 0x00, 0x0F, 0xFF, 0xFF,
	0xFD, 0x6F, 0xFF, 0xDF, 0x7E, 0xFD, 0xDE, 0xEE, 0xBB, 0x75, 0xFF, 0xFF, 0xFF, 0xDF, 0x7E, 0xAF,
	0x7A, 0xBE, 0xFE, 0xFF, 0x55, 0x73, 0xFF, 0xA7, 0xF7, 0xFD, 0xFA, 0xD5, 0xFD, 0xA1, 0xB8, 0x2C,
	0xAD, 0x25, 0xA8, 0x6D, 0x66, 0x10, 0x11, 0x54, 0x12, 0x16, 0xC9, 0x5B, 0xD7, 0xDB, 0xFF, 0xF5,
	0x2F, 0xFD, 0xFF, 0xFF, 0xFF, 0xFF, 0xFF, 0xFF, 0xF7, 0xFF, 0x7D, 0xFD, 0xFF, 0xFE, 0xC0, 0x00,
	0x08, 0x00, 0x02, 0x00, 0x0B, 0xFF, 0x77, 0xAB, 0xBD, 0x88, 0x01, 0x0F, 0xFF, 0xEF, 0xFB, 0xBA,
	0xAA, 0xF5, 0xD7, 0xAE, 0xFF, 0x92, 0xEE, 0xDD, 0xFE, 0xFF, 0xDF, 0xEB, 0xD7, 0xBF, 0xAF, 0xEB,
	0x7F, 0x6B, 0xFF, 0xD6, 0xB7, 0xFF, 0xDF, 0xBF, 0xFE, 0xFD, 0xDB, 0x04, 0x55, 0x16, 0x47, 0x80,
	0xE2, 0x77, 0xB7, 0x40, 0x04, 0xE2, 0x40, 0x5A, 0xE0, 0x0E, 0xFD, 0x75, 0xDF, 0x6F, 0xD2, 0xFF,
	0xFF, 0xFF, 0xFF, 0xFF, 0xFB, 0xFF, 0xFE, 0xDD, 0xFF, 0xFF, 0xDF, 0xFF, 0xFE, 0x08, 0x00, 0x92,
	0x88, 0x41, 0x1F, 0x7D, 0x5D, 0xFD, 0xEE, 0xC0, 0x10, 0x2F, 0xFF, 0xBF, 0xFA, 0xEF, 0x7F, 0x54,
	0x7D, 0x7A, 0xFE, 0x7E, 0x7B, 0xF5, 0xFB, 0xF7, 0x7E, 0xED, 0x7D, 0xBE, 0xBA, 0xBE, 0xBF, 0xBD,
	0x55, 0x55, 0x5F, 0xFF, 0x7F, 0xFF, 0x4B, 0x5B, 0xFD, 0x00, 0x3C, 0xAB, 0x27, 0x92, 0x50, 0x2D,
	0x7B, 0x80, 0x48, 0xB0, 0x0A, 0x07, 0x70, 0xA3, 0xAF, 0xDE, 0x7D, 0xF5, 0x7E, 0xBF, 0xFF, 0xBF,
	0xBF, 0xBD, 0x8A, 0x12, 0xBF, 0xFF, 0xFF, 0xF7, 0xFF, 0x6F, 0xFF, 0xE1, 0x00, 0x00, 0x00, 0x00,
	0x3F, 0xFA, 0xF7, 0x57, 0x77, 0x70, 0x40, 0x0F, 0xFD, 0xFF, 0xD7, 0xBA, 0xD5, 0xDF, 0xAE, 0xAD,
	0xBE, 0xD7, 0xDE, 0xBD, 0xDF, 0xFC, 0xBB, 0xEF, 0xD7, 0x7A, 0xBF, 0xEB, 0xBF, 0xAE, 0xAE, 0xAF,
	0xE7, 0x7D, 0xFF, 0xF6, 0xB5, 0x77, 0xFD, 0x1A, 0x94, 0xAD, 0x96, 0xC4, 0x7A, 0xB7, 0xAD, 0xE1,
	0x04, 0x5A, 0x01, 0x05, 0xB0, 0x15, 0xFB, 0x7B, 0xBF, 0xF7, 0xED, 0xA7, 0xB7, 0xFB, 0xFB, 0xFF,
	0x7F, 0xFD, 0x53, 0x7F, 0xF7, 0x7F, 0xFB, 0xFD, 0xFB, 0xFE, 0xA4, 0x00, 0x00, 0xAF, 0x77, 0xF7,
	0xBD, 0xF4, 0x88, 0x96, 0x00, 0x0F, 0xFF, 0xFF, 0x75, 0xEF, 0x7F, 0x3F, 0xDB, 0x5B, 0x5A, 0xFB,
	0x77, 0xD7, 0xFF, 0xFB, 0xC4, 0xDA, 0xFD, 0x7F, 0xD5, 0x7E, 0xBB, 0xD9, 0xF5, 0xDA, 0xBB, 0xEF,
	0xFE, 0xFD, 0xFD, 0xBB, 0xBC, 0x58, 0x4C, 0x75, 0x63, 0xFA, 0x10, 0x1A, 0xF6, 0xF0, 0x01, 0x19,
	0x20, 0x82, 0x9C, 0x10, 0xAE, 0xDE, 0xDF, 0xFA, 0xBF, 0xF9, 0xFF, 0xFF, 0xFF, 0xFE, 0xED, 0xB7,
	0xFD, 0xAB, 0xFF, 0xFF, 0x7F, 0xFF, 0xDF, 0xFF, 0xFA, 0x92, 0x2B, 0xFC, 0xFF, 0x4D, 0xEE, 0x82,
	0x25, 0x43, 0xA0, 0x4F, 0xFF, 0xFF, 0xEF, 0x7B, 0x35, 0x7D, 0x5E, 0xAB, 0x6E, 0xAE, 0xDA, 0xFA,
	0x2F, 0xBA, 0xBE, 0xDF, 0x56, 0xEF, 0xDF, 0xD7, 0xBF, 0xD7, 0xFF, 0xDF, 0xEB, 0xD3, 0xFF, 0xDD,
	0x56, 0xAB, 0xF6, 0x1E, 0x25, 0x3A, 0xA9, 0xFD, 0x2D, 0x4F, 0x5A, 0x78, 0x10, 0x8C, 0x02, 0x21,
	0xED, 0x0A, 0x7B, 0xF7, 0xE7, 0xBD, 0xEA, 0xAE, 0x7E, 0xFF, 0xFF, 0xEF, 0x7F, 0xFD, 0xAE, 0xED,
	0x7F, 0xFD, 0xFF, 0xF6, 0xED, 0x5F, 0xFF, 0xFF, 0xFF, 0xFB, 0xFD, 0xF7, 0x7A, 0x28, 0x00, 0x14,
	0x5F, 0x5F, 0xFF, 0xFF, 0xED, 0xAF, 0x55, 0xF3, 0x57, 0x56, 0xE7, 0xFB, 0xFF, 0x58, 0x87, 0xFB,
	0xD7, 0x55, 0xFE, 0x2F, 0xEA, 0xFD, 0xFF, 0xEF, 0xDF, 0xB5, 0x7D, 0xDD, 0xEF, 0xFB, 0xFE, 0xFB,
	0xFE, 0x1E, 0x95, 0x7A, 0xF5, 0xDF, 0x8C, 0x2A, 0xEF, 0xBE, 0x40, 0x25, 0x29, 0x00, 0x56, 0x21,
	0x1E, 0xBD, 0xBB, 0xFD, 0xBF, 0xF7, 0x97, 0xEE, 0xDE, 0xFF, 0x6A, 0xAF, 0xFB, 0xBB, 0x4B, 0xEF,
	0xF7, 0xDB, 0x2A, 0xA8, 0x0A, 0xAA, 0xDF, 0xB7, 0xEF, 0x9F, 0xA9, 0x00, 0x00, 0x00, 0x01, 0x5F,
	0xFF, 0xFB, 0xDF, 0xFB, 0x7F, 0xFB, 0xBD, 0x5D, 0xB6, 0xAE, 0xAB, 0xE0, 0x03, 0xF5, 0x7D, 0x5F,
	0x55, 0xF3, 0x2F, 0x57, 0x3E, 0xDF, 0x7F, 0xBF, 0xDD, 0xDE, 0xFC, 0x7B, 0x56, 0x6B, 0xFE, 0x4E,
	0x00, 0x3D, 0x5A, 0x78, 0x85, 0x44, 0x5A, 0xBF, 0x00, 0x82, 0x80, 0x51, 0x37, 0x00, 0x8B, 0xEE,
	0xED, 0xF6, 0xEA, 0xBB, 0xF5, 0xFF, 0xFF, 0xFF, 0xBF, 0xFA, 0xAE, 0xED, 0xF4, 0x5F, 0xFE, 0xAD,
	0xF7, 0xD7, 0xF5, 0x55, 0x51, 0xEF, 0xBF, 0xD0, 0x54, 0x00, 0x84, 0x41, 0x28, 0x2F, 0xFB, 0xEF,
	0xD5, 0x5F, 0x7F, 0xE6, 0xED, 0xF2, 0xFB, 0x7B, 0xFE, 0xB4, 0x53, 0x6A, 0xD6, 0xB5, 0xFB, 0x7B,
	0xBB, 0xFD, 0xBB, 0xFF, 0xFD, 0xD5, 0x75, 0xD7, 0x7D, 0xBD, 0xFB, 0x7D, 0xBB, 0x02, 0x55, 0x7E,
	0xD5, 0x32, 0x52, 0x27, 0xAF, 0xCF, 0x84, 0x11, 0x00, 0x04, 0x1B, 0x82, 0x4E, 0xBB, 0xBD, 0x7F,
	0x3F, 0xDD, 0x5D, 0x7F, 0xFF, 0xF7, 0xCA, 0xAF, 0xFB, 0xFF, 0x5F, 0xA8, 0x55, 0x7C, 0x00, 0x10,
	0x00, 0x00, 0x0A, 0x1E, 0xFF, 0xFF, 0xFC, 0x08, 0x01, 0x08, 0x01, 0x0F, 0xFF, 0xFF, 0xDF, 0xEA,
	0xFF, 0x7F, 0xBC, 0xD7, 0xAA, 0xDD, 0x57, 0xE0, 0x01, 0xEE, 0x5F, 0x7F, 0x5D, 0xAD, 0xDE, 0xAE,
	0xBF, 0xFB, 0xFF, 0xDF, 0xDD, 0xBD, 0x7D, 0xDD, 0x5E, 0xD4, 0xFF, 0x20, 0x00, 0x37, 0x7E, 0x95,
	0x01, 0x49, 0x5A, 0xAD, 0xE0, 0x08, 0x00, 0x50, 0x4B, 0xC0, 0x21, 0xEE, 0xEF, 0x7F, 0xDA, 0xEF,
	0xF7, 0x5F, 0xF7, 0x7F, 0xE0, 0xAA, 0xBE, 0xAB, 0xEB, 0xF7, 0xEB, 0xAA, 0x55, 0x4A, 0x24, 0x49,
	0x21, 0x7F, 0xFF, 0xFF, 0xF8, 0x80, 0x48, 0x20, 0x48, 0x2F, 0xFF, 0xFF, 0xEA, 0xFE, 0xF7, 0xF2,
	0xEF, 0x2E, 0xFA, 0xEF, 0xFA, 0xA0, 0x25, 0xDD, 0xDB, 0xD5, 0xEE, 0xFB, 0xB7, 0xFB, 0x7E, 0xBF,
	0xEF, 0xDD, 0xF5, 0x6F, 0xB5, 0x5E, 0xF7, 0xFF, 0x7F, 0x89, 0x3A, 0xA1, 0x95, 0x64, 0x8A, 0xA3,
	0x1D, 0x77, 0xF0, 0x82, 0x48, 0x04, 0x0C, 0xD0, 0x2A, 0xBB, 0xBB, 0x9F, 0xEF, 0xBA, 0xBF, 0xEB,
	0x7F, 0xFF, 0xFA, 0x4B, 0xD7, 0xFE, 0xBE, 0xA0, 0x2E, 0xFC, 0x00, 0x20, 0x80, 0x00, 0x04, 0xFF,
	0xFD, 0xFF, 0xFA, 0x12, 0x00, 0x8A, 0x00, 0x0F, 0xFF, 0xBF, 0xDF, 0xA9, 0xFF, 0xFB, 0x51, 0xFB,
	0xAB, 0xB5, 0xAF, 0xE4, 0x83, 0xEB, 0xED, 0x7E, 0xB7, 0xAD, 0xBA, 0xAE, 0xF9, 0x4F, 0xBF, 0xEF,
	0x7A, 0xFA, 0xBD, 0xEE, 0xDD, 0x57, 0xB7, 0x8E, 0x78, 0x08, 0xD6, 0x90, 0x00, 0x91, 0x85, 0x57,
	0xFC, 0x10, 0x01, 0x10, 0x02, 0xE0, 0x80, 0xEE, 0xEE, 0xEE, 0xF5, 0xEF, 0xEA, 0xB5, 0xFF, 0xFB,
	0x7D, 0x24, 0x7A, 0xAB, 0xEB, 0xE5, 0x01, 0x5E, 0x4A, 0x84, 0x10, 0x00, 0x01, 0xFB, 0xF7, 0xDD,
	0xE7, 0x80, 0x02, 0x00, 0xAA, 0xAF, 0xFF, 0xFE, 0xEA, 0xF7, 0xDE, 0xED, 0xBE, 0x6E, 0xFD, 0xDF,
	0xFA, 0xB0, 0x17, 0xDF, 0xEF, 0xAB, 0x92, 0xFA, 0x6F, 0xF5, 0xD7, 0xF7, 0xFE, 0xF5, 0xDD, 0xAF,
	0xDD, 0xAF, 0x77, 0xFD, 0xDF, 0xAC, 0x3A, 0x92, 0x5B, 0x6A, 0xAA, 0x0A, 0xA5, 0xB9, 0xBF, 0x01,
	0x40, 0x41, 0x09, 0x78, 0x0A, 0x1B, 0xBB, 0xB3, 0xFB, 0x75, 0x7F, 0xFE, 0xFD, 0xEF, 0xFF, 0x52,
	0x0F, 0xFE, 0xBE, 0xB8, 0x52, 0x23, 0x00, 0x00, 0x00, 0x00, 0x17, 0xEF, 0xDF, 0xFF, 0xDD, 0xF0,
	0x20, 0x15, 0x77, 0xFF, 0xFD, 0xFF, 0xEF, 0xB7, 0xFF, 0xFF, 0xFF, 0xB7, 0x57, 0x75, 0x5F, 0x59,
	0x03, 0x3F, 0xAA, 0xFE, 0x7D, 0xAB, 0xDA, 0xBB, 0xE6, 0xDB, 0xFF, 0xF7, 0x77, 0xFB, 0x5D, 0xF2,
	0xDD, 0x5E, 0xEE, 0xC2, 0xA0, 0x38, 0x25, 0xB4, 0x21, 0x40, 0x42, 0xCD, 0xFF, 0x84, 0x10, 0x04,
	0x00, 0x98, 0x02, 0xAE, 0xEE, 0xFD, 0xFD, 0xBF, 0xD5, 0x57, 0x1F, 0xF7, 0xF7, 0xC1, 0x41, 0x5B,
	0xEB, 0xEF, 0x88, 0x88, 0xA0, 0x00, 0x80, 0x08, 0x4F, 0xBF, 0xFF, 0xFF, 0xAE, 0xBF, 0x95, 0x57,
	0xAD, 0x5F, 0xFF, 0xFF, 0xF6, 0xEF, 0xFB, 0xFF, 0xF7, 0x9A, 0xFD, 0xDF, 0xEA, 0xBC, 0x20, 0xBF,
	0x5D, 0xB5, 0x9D, 0xFD, 0x6F, 0xCF, 0x79, 0xF7, 0xFB, 0xFB, 0xFD, 0x6F, 0xDB, 0x5A, 0xA7, 0xA7,
	0x67, 0xC8, 0x0B, 0x98, 0x96, 0xD2, 0x94, 0x2A, 0x68, 0xEE, 0xED, 0xE0, 0x02, 0x00, 0x82, 0x6E,
	0x20, 0x07, 0xBB, 0xAE, 0xEE, 0xEA, 0xFF, 0xFB, 0xEF, 0xD8, 0xBF, 0xF0, 0x2A, 0x5E, 0xBF, 0x7B,
	0x60, 0x24, 0x0A, 0x40, 0x00, 0x81, 0x1E, 0xFF, 0x7F, 0xBB, 0x77, 0xD6, 0xFA, 0xED, 0xF7, 0xFF,
	0xFF, 0xF7, 0xFB, 0xB6, 0xEF, 0xBE, 0xDF, 0xEA, 0x8B, 0x75, 0x7E, 0xFE, 0x05, 0xFF, 0xE6, 0x55,
	0x7E, 0xAF, 0xF5, 0x5D, 0xFE, 0xAB, 0x6F, 0xF6, 0xD7, 0xFA, 0xBB, 0xFD, 0xB6, 0xB7, 0xB7, 0xE2,
	0x41, 0x92, 0x0B, 0x7C, 0x81, 0x10, 0x20, 0xF2, 0x7F, 0xF0, 0xA0, 0x20, 0x00, 0x2E, 0x04, 0xA9,
	0xEE, 0xFB, 0x3F, 0xBF, 0x5A, 0xDE, 0xB3, 0xEF, 0xAF, 0x7A, 0x15, 0x23, 0xED, 0xDD, 0xFE, 0x01,
	0x41, 0x14, 0x92, 0x08, 0x7B, 0xFF, 0xFE, 0xFE, 0xBD, 0x7B, 0x57, 0x5E, 0xBA, 0x5F, 0xFF, 0xFF,
	0xF8, 0xAF, 0xFF, 0xFB, 0xF2, 0xFF, 0xF5, 0xDF, 0xAA, 0xFE, 0x20, 0xB5, 0xF7, 0x6E, 0xF5, 0xFA,
	0xAD, 0x7F, 0xFE, 0xFB, 0xFF, 0xB7, 0xFE, 0xBF, 0xB6, 0xDD, 0xBB, 0xD9, 0xFB, 0xE1, 0x10, 0x40,
	0xAD, 0xAA, 0x6A, 0x05, 0x1A, 0x3B, 0xBF, 0x7E, 0x08, 0x04, 0x48, 0x17, 0x80, 0x04, 0xBB, 0xBE,
	0xDF, 0xCB, 0xEF, 0xB7, 0xFC, 0xF6, 0xE9, 0xFE, 0x81, 0x54, 0xB6, 0xEF, 0x57, 0xD0, 0x10, 0x40,
	0x00, 0x54, 0xFF, 0xFF, 0xFF, 0xF9, 0xEF, 0xDF, 0xFD, 0xEB, 0x41, 0x0F, 0xFF, 0x7F, 0x7F, 0xFF,
	0xFC, 0x5F, 0xEC, 0x2F, 0xFE, 0x75, 0x7E, 0xEE, 0x85, 0x6A, 0x7B, 0xBD, 0xFA, 0xAD, 0xD3, 0xFF,
	0xEE, 0xD7, 0xFF, 0xF4, 0xAA, 0x96, 0xAF, 0x76, 0xBD, 0xBD, 0xAB, 0xB4, 0xC2, 0x14, 0x04, 0xB7,
	0x31, 0x52, 0x48, 0x1A, 0xBB, 0xEF, 0x42, 0x10, 0x00, 0x03, 0x80, 0x22, 0x6E, 0xEB, 0xE7, 0xF6,
	0xB5, 0xFA, 0xD7, 0x5B, 0xBE, 0xAF, 0xA0, 0x52, 0x17, 0x55, 0xFA, 0xED, 0x00, 0x00, 0x10, 0x03,
	0xDF, 0xFB, 0xF7, 0xF7, 0x7A, 0xEA, 0xAE, 0xB8, 0x08, 0x5F, 0xFB, 0xFF, 0xFF, 0xF6, 0xDB, 0xCF,
	0xDA, 0x80, 0x3F, 0x7F, 0xA9, 0x7E, 0x0A, 0xDF, 0x76, 0xBF, 0xFB, 0xF6, 0xAF, 0xF7, 0xBE, 0xEF,
	0xFF, 0xE7, 0x79, 0xF7, 0x5B, 0xDF, 0xBC, 0xBD, 0xFB, 0xF0, 0xE0, 0x00, 0x86, 0x5A, 0x9C, 0x08,
	0x25, 0x4D, 0xDF, 0xFF, 0xE8, 0x81, 0x10, 0x94, 0xE2, 0x09, 0x1B, 0xBE, 0xFB, 0x7B, 0xFF, 0x5F,
	0xFD, 0xAD, 0xEB, 0xAB, 0xE9, 0x09, 0x48, 0xBF, 0x5F, 0x77, 0xEA, 0x00, 0x82, 0x13, 0x7F, 0xDF,
	0xBF, 0xEB, 0xDF, 0x7F, 0xF5, 0xC5, 0x42, 0x0F, 0xFF, 0xFB, 0xEF, 0x7F, 0xF6, 0xF3, 0xA8, 0x14,
	0x8F, 0xAA, 0xF4, 0x3C, 0xA2, 0x55, 0xAB, 0xBF, 0xDD, 0x5A, 0xFF, 0xBF, 0xFB, 0x57, 0x77, 0xEF,
	0xBE, 0xFB, 0x6E, 0xF5, 0x7F, 0x7B, 0x5B, 0xF4, 0xC8, 0x6A, 0x22, 0x6D, 0xCB, 0x55, 0x56, 0x15,
	0x4F, 0x77, 0xB8, 0x04, 0x04, 0x01, 0x68, 0x00, 0x8D, 0xEB, 0xAD, 0xFC, 0xA1, 0xEA, 0xAF, 0xEB,
	0x7E, 0xFA, 0xFC, 0x01, 0x24, 0x05, 0xF5, 0xBD, 0x5D, 0xA8, 0x00, 0x4F, 0xFD, 0xFF, 0xFF, 0xCE,
	0xF5, 0xD5, 0x5E, 0x90, 0x00, 0x0F, 0xFF, 0xFF, 0xFF, 0x82, 0xF7, 0x5D, 0xD5, 0x43, 0x2F, 0x7D,
	0xB0, 0x34, 0x09, 0xBF, 0x9D, 0xDE, 0xFD, 0xEB, 0xFE, 0xFE, 0xCB, 0xEB, 0xFE, 0xFF, 0xAF, 0x7D,
	0xBB, 0xBF, 0x7F, 0xFB, 0xFD, 0xD8, 0x00, 0x20, 0x0A, 0x16, 0xA6, 0xA1, 0x43, 0x42, 0xEF, 0xC8,
	0xFE, 0x80, 0x00, 0x00, 0x30, 0x92, 0x27, 0x5E, 0xFE, 0x7F, 0x54, 0x3F, 0xFA, 0xBD, 0xAB, 0xAD,
	0x2F, 0x40, 0x02, 0xA8, 0x2E, 0xD7, 0xAA, 0xED, 0x48, 0x1F, 0xFF, 0xFF, 0xFD, 0xBB, 0xBE, 0xFF,
	0xF4, 0x00, 0x10, 0x4F, 0xFF, 0xEF, 0xFF, 0x7E, 0xEB, 0xF5, 0xB8, 0x2B, 0xC5, 0x56, 0xD5, 0x3A,
	0x94, 0xC5, 0xEF, 0x5B, 0xFD, 0xB7, 0xDF, 0x7F, 0xEE, 0x79, 0xFF, 0xFF, 0xDB, 0x3E, 0xEE, 0xA4,
	0xFB, 0xFA, 0xAA, 0x7D, 0x02, 0x04, 0x82, 0x9B, 0x53, 0x5C, 0x39, 0x29, 0x43, 0xDE, 0x7F, 0x20,
	0x00, 0x01, 0x1C, 0x00, 0x10, 0xF7, 0xB7, 0x9F, 0x82, 0x85, 0x5F, 0xEF, 0xFD, 0xFE, 0xD5, 0xE4,
	0x20, 0x02, 0x80, 0x54, 0xFF, 0x77, 0xFE, 0x7F, 0xDF, 0xFD, 0xF7, 0x5E, 0xD7, 0x55, 0x51, 0x44,
	0x44, 0x0F, 0xFF, 0xBF, 0xBD, 0xB7, 0x5D, 0x5D, 0xAA, 0x87, 0x96, 0xFB, 0xF0, 0x20, 0x12, 0xBB,
	0x75, 0xBE, 0xBA, 0xEF, 0xFB, 0x9F, 0xF1, 0x5D, 0xFF, 0xFD, 0xED, 0xBB, 0x7A, 0xDF, 0xE4, 0xFB,
	0xFF, 0x7C, 0x50, 0x20, 0x10, 0x0D, 0xD9, 0x55, 0x85, 0xC0, 0xD0, 0x6B, 0x97, 0x84, 0x41, 0x24,
	0x46, 0x00, 0x84, 0xBD, 0xFB, 0xEF, 0xE0, 0x21, 0xF6, 0xF5, 0x57, 0x4B, 0xBA, 0xF8, 0x09, 0x20,
	0x52, 0x80, 0x00, 0x08, 0x95, 0xFB, 0x7F, 0x77, 0xDE, 0xF7, 0xFB, 0xFB, 0xA4, 0x00, 0x01, 0x2F,
	0xFB, 0xFF, 0xFF, 0xBA, 0xAF, 0xF5, 0xBC, 0x27, 0xA2, 0x05, 0x50, 0x89, 0x2A, 0xFB, 0xBD, 0x3A,
	0xBB, 0xAC, 0x7F, 0xFB, 0xFF, 0xB6, 0xEB, 0xBF, 0xEF, 0xBF, 0x9D, 0xAF, 0xEF, 0x3B, 0x6B, 0x7E,
	0x04, 0x8C, 0x41, 0x46, 0xAD, 0x6A, 0xD2, 0x55, 0x61, 0x1E, 0xAB, 0xE1, 0x08, 0x00, 0x13, 0x24,
	0x22, 0x2B, 0x5E, 0xF3, 0xFA, 0x08, 0x2B, 0xBF, 0xFA, 0x80, 0x57, 0x1F, 0x00, 0x08, 0x00, 0x4A,
	0x80, 0xA2, 0x01, 0xEF, 0xFD, 0xFF, 0xFD, 0xBD, 0x5D, 0x55, 0x12, 0x10, 0x04, 0x0F, 0xFF, 0xFE,
	0xFF, 0xCA, 0xB5, 0x57, 0x6A, 0x01, 0x10, 0x90, 0xD2, 0x00, 0x01, 0x1D, 0xD6, 0xF5, 0xDD, 0xDB,
	0x97, 0xCF, 0xBF, 0xDE, 0xFC, 0xFF, 0xEA, 0xBD, 0xD3, 0x7F, 0xDB, 0xCB, 0xDE, 0xF6, 0x70, 0x04,
	0x08, 0x02, 0xB5, 0x2A, 0xA9, 0x60, 0x14, 0x0A, 0x95, 0xF0, 0x00, 0x01, 0x09, 0x80, 0x08, 0x9D,
	0xEB, 0xBD, 0x78, 0x82, 0x16, 0xEB, 0x5F, 0x24, 0x09, 0xE7, 0xE0, 0x00, 0x04, 0x00, 0x0A, 0x08,
	0xAF, 0xBF, 0xFF, 0xFF, 0xF3, 0xEF, 0xEF, 0xA8, 0x08, 0x00, 0x90, 0x9F, 0xFF, 0xFF, 0xF7, 0xE1,
	0x07, 0xF2, 0xBF, 0x08, 0x44, 0x24, 0x60, 0x22, 0xAC, 0xE2, 0xF9, 0xD7, 0x5D, 0xBA, 0xE9, 0xEF,
	0xFF, 0xEA, 0xFB, 0x74, 0x9F, 0xBA, 0x7E, 0xFD, 0xEE, 0xF6, 0xF6, 0xFF, 0x34, 0x49, 0x00, 0x11,
	0xDA, 0x8A, 0xAE, 0x92, 0x98, 0xA7, 0x02, 0x7C, 0x44, 0x20, 0x00, 0x40, 0x00, 0x47, 0x7E, 0xD6,
	0xBE, 0x10, 0x83, 0xBF, 0xF5, 0xC1, 0x20, 0x38, 0xFD, 0x01, 0x10, 0x00, 0x00, 0x02, 0x0F, 0xFF,
	0xF7, 0xFF, 0x6E, 0xB5, 0x74, 0x45, 0x40, 0x40, 0x00, 0x0F, 0xFF, 0xFB, 0xFE, 0x08, 0x51, 0x5D,
	0x8B, 0xC4, 0x02, 0x20, 0x51, 0x00, 0x44, 0xBF, 0x5E, 0x5D, 0xDB, 0x77, 0xBE, 0xEF, 0xFD, 0xEE,
	0xFB, 0x7F, 0x75, 0x6B, 0x7E, 0xFF, 0xDB, 0x5F, 0x5E, 0xEF, 0x21, 0x00, 0x21, 0x44, 0xAD, 0x62,
	0xAA, 0xA8, 0x44, 0x01, 0x50, 0x9E, 0x00, 0x84, 0x02, 0x24, 0x81, 0x11, 0xD7, 0xFB, 0xAF, 0x82,
	0x28, 0x6A, 0xBF, 0x74, 0x04, 0x07, 0x3F, 0xC0, 0x00, 0x00, 0x80, 0x20, 0x3D, 0xFF, 0xDF, 0xDB,
	0xDB, 0xFF, 0x92, 0x10, 0x00, 0x04, 0x00, 0x1F,
};

#endif // IMG_LA_GRANDE_ONDA_H
